Index,Question,Level,Choice
0,ภาษา Python เป็นภาษาที่มีความสามารถในการทำงานได้หลากหลาย เช่น การสร้างเว็บไซต์ การวิเคราะห์ข้อมูล และการสร้าง AI แต่ภาษา Python ไม่สามารถทำอะไรได้บ้าง?,Medium,"[{'text': 'การสร้างเกม', 'weight': 0.25}, {'text': 'การเขียนระบบปฏิบัติการ', 'weight': 0.5}, {'text': 'การทำงานกับฮาร์ดแวร์', 'weight': 0.75}, {'text': 'การประมวลผลภาพ', 'weight': 1}]"
1,คุณต้องการสร้างโปรแกรมนับจำนวนคำในไฟล์ข้อความ คุณควรใช้วิธีการใดในการอ่านไฟล์ข้อความ?,Hard,"[{'text': 'ใช้ฟังก์ชัน read() ของโมดูล sys', 'weight': 0.25}, {'text': 'ใช้ฟังก์ชัน open() และ readlines()', 'weight': 0.5}, {'text': 'ใช้ฟังก์ชัน read() ของโมดูล os', 'weight': 0.75}, {'text': 'ใช้ฟังก์ชัน load() ของโมดูล json', 'weight': 1}]"
2,"การเขียนโปรแกรมภาษา Python สามารถทำได้หลายรูปแบบ เช่น การเขียนแบบ Interactive, Scripting และการเขียนโปรแกรมแบบ Object-Oriented ซึ่งรูปแบบใดที่ถูกต้องและเหมาะสมที่สุด?",Medium,"[{'text': 'การเขียนแบบ Interactive', 'weight': 0.25}, {'text': 'การเขียนแบบ Scripting', 'weight': 0.5}, {'text': 'การเขียนแบบ Object-Oriented', 'weight': 0.75}, {'text': 'ขึ้นอยู่กับความต้องการของผู้พัฒนา', 'weight': 1}]"
3,ในภาษา Python มีการจัดการกับข้อมูลที่ไม่สมบูรณ์หรือข้อมูลที่มีข้อผิดพลาดอย่างไร?,Hard,"[{'text': 'โดยการใช้คำสั่ง try-except เพื่อจัดการกับข้อผิดพลาด', 'weight': 0.25}, {'text': 'โดยการใช้คำสั่ง if-else เพื่อตรวจสอบความถูกต้องของข้อมูล', 'weight': 0.5}, {'text': 'โดยการใช้ฟังก์ชัน len() เพื่อตรวจสอบความยาวของข้อมูล', 'weight': 0.75}, {'text': 'ไม่มีการจัดการกับข้อมูลที่ไม่สมบูรณ์ในภาษา Python', 'weight': 1}]"
4,การเขียนโปรแกรมภาษา Python จำเป็นต้องมีการระบุประเภทข้อมูล (Data Type) ของตัวแปรหรือไม่?,Medium,"[{'text': 'ไม่จำเป็น', 'weight': 0.25}, {'text': 'บางครั้ง', 'weight': 0.5}, {'text': 'จำเป็น', 'weight': 1}, {'text': 'ขึ้นอยู่กับบริบท', 'weight': 0.75}]"
5,เมื่อเรียกใช้งานฟังก์ชัน (Function) ในภาษา Python จะต้องระบุค่าเริ่มต้น (Default Value) ให้กับพารามิเตอร์ทุกตัวหรือไม่?,Hard,"[{'text': 'ไม่จำเป็น', 'weight': 0.25}, {'text': 'บางครั้ง', 'weight': 0.5}, {'text': 'จำเป็น', 'weight': 1}, {'text': 'ขึ้นอยู่กับบริบท', 'weight': 0.75}]"
6,การทำงานของ Python จะเริ่มจากบรรทัดแรกของโค้ดและทำงานไปเรื่อยๆ หรือไม่?,Hard,"[{'text': 'ใช่', 'weight': 0.25}, {'text': 'ไม่เสมอไป', 'weight': 0.5}, {'text': 'ขึ้นอยู่กับการกำหนดฟังก์ชัน', 'weight': 0.75}, {'text': 'ขึ้นอยู่กับการเรียกใช้งานโมดูล', 'weight': 1}]"
7,ภาษา Python เป็นภาษาที่มีความสามารถในการทำงานแบบใดบ้าง?,Medium,"[{'text': 'การประมวลผลข้อมูลทางวิทยาศาสตร์', 'weight': 0.25}, {'text': 'การพัฒนาเว็บไซต์และแอปพลิเคชัน', 'weight': 0.5}, {'text': 'การจัดการฐานข้อมูลและการวิเคราะห์ข้อมูล', 'weight': 0.75}, {'text': 'ทุกอย่างข้างต้น', 'weight': 1}]"
8,คุณสมบัติเด่นของภาษา Python คืออะไร?,Hard,"[{'text': 'ความเร็วในการประมวลผล', 'weight': 0.25}, {'text': 'ความง่ายในการเขียนโค้ดและอ่านโค้ด', 'weight': 0.5}, {'text': 'ความสามารถในการทำงานร่วมกับภาษาอื่น ๆ', 'weight': 0.75}, {'text': 'ความปลอดภัยในการประมวลผลข้อมูล', 'weight': 1}]"
9,การเขียนโปรแกรมภาษา Python สามารถทำได้โดยใช้เครื่องมือใดบ้าง?,Medium,"[{'text': 'IDLE', 'weight': 0.25}, {'text': 'PyCharm', 'weight': 0.5}, {'text': 'Visual Studio Code', 'weight': 0.75}, {'text': 'ทั้งสามตัวเลือกข้างบน', 'weight': 1}]"
10,ความสามารถหลักของภาษา Python คืออะไร?,Hard,"[{'text': 'การทำงานกับฐานข้อมูล', 'weight': 0.25}, {'text': 'การสร้างเว็บไซต์', 'weight': 0.5}, {'text': 'การประมวลผลข้อมูลขนาดใหญ่', 'weight': 0.75}, {'text': 'การทำงานกับ AI และ Machine Learning', 'weight': 1}]"
11,การเขียนโปรแกรมภาษา Python จำเป็นต้องมีการระบุประเภทข้อมูล (data type) ของตัวแปรหรือไม่?,Medium,"[{'text': 'จำเป็น', 'weight': 0.25}, {'text': 'ไม่จำเป็น', 'weight': 1}, {'text': 'ขึ้นอยู่กับบริบท', 'weight': 0.5}, {'text': 'ไม่สามารถตอบได้', 'weight': 0.75}]"
12,"ในภาษา Python, การใช้งานฟังก์ชัน (function) สามารถทำได้โดยไม่ต้องระบุประเภทข้อมูลที่จะส่งผ่านไปยังฟังก์ชันได้หรือไม่?",Hard,"[{'text': 'สามารถทำได้', 'weight': 1}, {'text': 'ไม่สามารถทำได้', 'weight': 0.25}, {'text': 'ขึ้นอยู่กับบริบท', 'weight': 0.5}, {'text': 'ไม่สามารถตอบได้', 'weight': 0.75}]"
13,เมื่อทำงานกับไฟล์ในภาษา Python คุณสามารถใช้คำสั่งใดในการเปิดไฟล์เพื่ออ่านข้อมูล?,Hard,"[{'text': 'import file', 'weight': 0.25}, {'text': ""open(file, 'r')"", 'weight': 1}, {'text': 'read(file)', 'weight': 0.5}, {'text': 'file_open(file)', 'weight': 0.75}]"
14,ภาษา Python มีความสามารถในการทำงานกับข้อมูลประเภทใดบ้าง?,Medium,"[{'text': 'ตัวเลขและข้อความ', 'weight': 0.25}, {'text': 'ตัวเลข, ข้อความ, และรายการ', 'weight': 0.75}, {'text': 'ตัวเลข, ข้อความ, รายการ, และโครงสร้างข้อมูลที่ซับซ้อน', 'weight': 1}, {'text': 'เฉพาะตัวเลข', 'weight': 0.5}]"
15,คุณสมบัติของภาษา Python ที่ทำให้มันเหมาะสมสำหรับการพัฒนาแอปพลิเคชันทางวิทยาศาสตร์และการคำนวณคืออะไร?,Hard,"[{'text': 'ความเร็วในการทำงาน', 'weight': 0.25}, {'text': 'ความง่ายในการเขียนโค้ด', 'weight': 0.5}, {'text': 'การสนับสนุนไลบรารีสำหรับการคำนวณทางวิทยาศาสตร์', 'weight': 1}, {'text': 'ความสามารถในการทำงานร่วมกับฐานข้อมูล', 'weight': 0.75}]"
16,การเขียนโปรแกรมภาษา Python สามารถทำงานได้กับระบบปฏิบัติการใดบ้าง?,Medium,"[{'text': 'Windows', 'weight': 0.25}, {'text': 'Linux และ MacOS', 'weight': 0.5}, {'text': 'Windows, Linux และ MacOS', 'weight': 1}, {'text': 'เฉพาะ Windows', 'weight': 0.75}]"
17,ภาษา Python นำมาใช้ในการพัฒนาแอปพลิเคชันประเภทใดบ้าง?,Medium,"[{'text': 'เว็บแอปพลิเคชัน, เกม, และระบบปัญญาประดิษฐ์', 'weight': 1}, {'text': 'มือถือ, เกม, และระบบปัญญาประดิษฐ์', 'weight': 0.75}, {'text': 'เว็บแอปพลิเคชัน, เกม, และระบบปฏิบัติการ', 'weight': 0.5}, {'text': 'เว็บแอปพลิเคชัน, เกม, และฐานข้อมูล', 'weight': 0.25}]"
18,การเขียนโค้ด Python ที่ดีต้องมีคุณสมบัติอะไรบ้าง?,Medium,"[{'text': 'อ่านง่าย', 'weight': 0.25}, {'text': 'แก้ไขได้ง่าย', 'weight': 0.5}, {'text': 'ทำงานได้เร็ว', 'weight': 0.75}, {'text': 'ทั้งหมดข้างต้น', 'weight': 1}]"
19,การสร้างฟังก์ชันใน Python จะต้องมีส่วนประกอบอะไรบ้าง?,Hard,"[{'text': 'ชื่อฟังก์ชัน', 'weight': 0.25}, {'text': 'พารามิเตอร์', 'weight': 0.5}, {'text': 'คำสั่ง return', 'weight': 0.75}, {'text': 'คำสั่ง loop', 'weight': 1}]"
20,Python เป็นภาษาโปรแกรมมิ่งที่ถูกสร้างขึ้นเพื่อใช้งานในด้านใดบ้าง?,Medium,"[{'text': 'เว็บเซอร์วิส, GUI, เกมส์', 'weight': 1}, {'text': 'เครือข่าย, ด้านฐานข้อมูล, เกมส์', 'weight': 0.75}, {'text': 'เว็บเซอร์วิส, ด้านฐานข้อมูล, AI', 'weight': 0.5}, {'text': 'เกมส์, GUI, AI', 'weight': 0.25}]"
21,ความสามารถหลักๆของภาษา Python มีอะไรบ้าง?,Hard,"[{'text': 'การทำงานแบบ Interactive Shell, การเขียนโปรแกรมได้ง่าย, ประสิทธิภาพในการทำงานสูง', 'weight': 1}, {'text': 'การทำงานแบบ Parallel Processing, การเขียนโปรแกรมได้ยาก, ประสิทธิภาพในการทำงานต่ำ', 'weight': 0.25}, {'text': 'การทำงานแบบ Real-time, การเขียนโปรแกรมได้ยาก, ประสิทธิภาพในการทำงานสูง', 'weight': 0.5}, {'text': 'การทำงานแบบ Batch Processing, การเขียนโปรแกรมได้ง่าย, ประสิทธิภาพในการทำงานต่ำ', 'weight': 0.75}]"
22,การทำงานของคำสั่ง print() ในภาษา Python คืออะไร?,Medium,"[{'text': 'ใช้สำหรับการรับข้อมูลจากผู้ใช้', 'weight': 0.25}, {'text': 'ใช้สำหรับการแสดงผลลัพธ์หรือข้อความออกมา', 'weight': 1}, {'text': 'ใช้สำหรับการจัดเก็บข้อมูล', 'weight': 0.5}, {'text': 'ไม่มีการทำงานใดๆ', 'weight': 0}]"
23,เมื่อเรียกใช้งานฟังก์ชัน len() ใน Python ผลที่ได้คืออะไร?,Hard,"[{'text': 'จำนวนสมาชิกใน list', 'weight': 0.75}, {'text': 'จำนวนคู่มือใน dictionary', 'weight': 0}, {'text': 'ความยาวของ string', 'weight': 1}, {'text': 'ผลรวมของค่าทั้งหมดใน set', 'weight': 0.25}]"
24,การเขียนโปรแกรม Python ที่ดีต้องมีคุณสมบัติอะไรบ้าง?,Medium,"[{'text': 'ความสามารถในการทำงานได้รวดเร็ว', 'weight': 0.25}, {'text': 'ความสามารถในการอ่านและเข้าใจได้ง่าย', 'weight': 0.5}, {'text': 'ความสามารถในการแก้ไขข้อผิดพลาดได้โดยไม่กระทบต่อโค้ดทั้งหมด', 'weight': 0.75}, {'text': 'ความสามารถในการทำงานร่วมกับภาษาอื่น ๆ ได้', 'weight': 1}]"
25,เมื่อเรียกใช้งานฟังก์ชันใน Python แล้วเกิดข้อผิดพลาดขึ้น จะทำอย่างไร?,Hard,"[{'text': 'ตรวจสอบโค้ดทั้งหมดเพื่อหาข้อผิดพลาด', 'weight': 0.25}, {'text': 'ตรวจสอบส่วนของโค้ดที่เกี่ยวข้องกับฟังก์ชันที่ถูกเรียกใช้', 'weight': 0.5}, {'text': 'ใช้เครื่องมือเช่น pdb หรือ PyCharm เพื่อทำ debugging', 'weight': 0.75}, {'text': 'ลบรหัสทั้งหมดและเขียนใหม่', 'weight': 1}]"
26,การใช้งานฟังก์ชันในภาษา Python สามารถทำได้โดยการ,Medium,"[{'text': 'ระบุชื่อฟังก์ชันที่ต้องการใช้งาน', 'weight': 0.25}, {'text': 'สร้างฟังก์ชันใหม่ขึ้นมา', 'weight': 0.5}, {'text': 'เรียกใช้งานโมดูลที่มีฟังก์ชันที่ต้องการ', 'weight': 0.75}, {'text': 'ใช้คำสั่ง import เพื่อนำเข้าฟังก์ชัน', 'weight': 1}]"
27,ในการทำงานกับข้อมูลในภาษา Python จะมีการใช้งานโครงสร้างข้อมูลใดบ้าง,Hard,"[{'text': 'List, Tuple, Set', 'weight': 0.25}, {'text': 'List, Tuple, Dictionary', 'weight': 0.5}, {'text': 'List, Dictionary, Set', 'weight': 0.75}, {'text': 'List, Tuple, Dictionary, Set', 'weight': 1}]"
28,การใช้งานภาษาไพธอนมีข้อดีอะไรบ้าง?,Medium,"[{'text': 'สามารถใช้งานได้กับทุกระบบปฏิบัติการ', 'weight': 0.25}, {'text': 'มีความสามารถในการจัดการข้อมูลที่หลากหลาย', 'weight': 0.5}, {'text': 'มีไลบรารี่มาตรฐานที่ครอบคลุม', 'weight': 0.75}, {'text': 'ทั้งหมดข้างต้น', 'weight': 1}]"
29,การเขียนโปรแกรมภาษาไพธอนต้องคำนึงถึงเรื่องอะไรบ้าง?,Hard,"[{'text': 'การจัดการข้อมูล', 'weight': 0.25}, {'text': 'ความปลอดภัยของโค้ด', 'weight': 0.5}, {'text': 'ความเร็วในการประมวลผล', 'weight': 0.75}, {'text': 'ความง่ายในการอ่านและแก้ไข', 'weight': 1}]"
30,การตั้งชื่อแปรในภาษา Python ควรดำเนินการอย่างไร?,Medium,"[{'text': 'ไม่ควรมีอักษรไทย', 'weight': 0.25}, {'text': 'ต้องมีตัวอักษรตัวแรกเป็นตัวพิมพ์ใหญ่', 'weight': 0}, {'text': 'ไม่ควรใช้ตัวอักษรหรือตัวเลข', 'weight': 0}, {'text': 'สามารถใช้ตัวอักษร ตัวเลข และเครื่องหมายขีดล่าง (_) ได้ แต่ไม่สามารถเริ่มต้นด้วยตัวเลข', 'weight': 1}]"
31,การทำงานของภาษา Python เป็นแบบใด?,Hard,"[{'text': 'Compiled', 'weight': 0.75}, {'text': 'Interpreted', 'weight': 1}, {'text': 'Hybrid', 'weight': 0.5}, {'text': 'Machine Code', 'weight': 0.25}]"
32,ฟังก์ชันใดที่ใช้เพื่อแสดงผลลัพธ์ในภาษา Python?,Medium,"[{'text': 'print()', 'weight': 1}, {'text': 'display()', 'weight': 0.25}, {'text': 'show()', 'weight': 0.25}, {'text': 'console.log()', 'weight': 0}]"
33,ตัวแปรในภาษา Python สามารถเก็บข้อมูลได้กี่ประเภท?,Hard,"[{'text': '3 ประเภท', 'weight': 0}, {'text': '4 ประเภท', 'weight': 0}, {'text': '6 ประเภท', 'weight': 1}, {'text': '8 ประเภท', 'weight': 0.25}]"
34,ภาษาไพธอนสามารถทำงานได้กับโครงสร้างข้อมูลแบบใดบ้าง?,Medium,"[{'text': 'List และ Tuple', 'weight': 0.25}, {'text': 'Dictionary และ Set', 'weight': 0.5}, {'text': 'List, Tuple, Dictionary, และ Set', 'weight': 1}, {'text': 'Array และ Matrix', 'weight': 0}]"
35,การจัดการความซับซ้อนของโค้ดในภาษาไพธอนสามารถทำได้โดยการใช้?,Hard,"[{'text': 'Function', 'weight': 0.5}, {'text': 'Module', 'weight': 0.75}, {'text': 'Class', 'weight': 1}, {'text': 'Library', 'weight': 0.25}]"
36,โค้ดต่อไปนี้จะพิมพ์ผลลัพธ์เป็นอะไร?,Intermediate,"[{'text': 'Hello, World!', 'weight': 0}, {'text': 'Hello', 'weight': 0.5}, {'text': 'Hello, ', 'weight': 0.25}, {'text': 'Hello, World', 'weight': 1}]"
37,ฟังก์ชันใดใน Python ที่ใช้สำหรับการแปลงข้อความเป็นตัวพิมพ์ใหญ่?,Intermediate,"[{'text': 'lower()', 'weight': 0}, {'text': 'title()', 'weight': 0.5}, {'text': 'swapcase()', 'weight': 0.25}, {'text': 'upper()', 'weight': 1}]"
38,วิธีการใดที่ถูกต้องในการสร้าง dictionary ใน Python?,Intermediate,"[{'text': ""my_dict = {'name': 'John', 'age': 30}"", 'weight': 1}, {'text': ""my_dict = ('name': 'John', 'age': 30)"", 'weight': 0}, {'text': ""my_dict = dict('name': 'John', 'age': 30)"", 'weight': 0.25}, {'text': ""my_dict = list('name': 'John', 'age': 30)"", 'weight': 0}]"
39,การทำงานของ loop for ใน Python คืออะไร?,Intermediate,"[{'text': 'วนซ้ำๆกับจำนวนครั้งที่กำหนด', 'weight': 1}, {'text': 'วนซ้ำๆจนกว่าเงื่อนไขจะเป็น false', 'weight': 0.5}, {'text': 'วนซ้ำๆผ่าน element ของ list', 'weight': 0.25}, {'text': 'วนซ้ำๆผ่าน index ของ list', 'weight': 0}]"
40,การเขียนโค้ด Python ด้านล่างนี้จะทำอะไร?,Intermediate,"[{'text': 'เรียงลำดับ list จากน้อยไปมาก', 'weight': 0}, {'text': 'คัดลอก list ใหม่', 'weight': 0.25}, {'text': 'แก้ไข list เดิม', 'weight': 1}, {'text': 'ลบ element ที่ไม่ต้องการ', 'weight': 0}]"
41,ฟังก์ชันใดใน Python ใช้สำหรับการเปิดไฟล์?,Intermediate,"[{'text': 'file()', 'weight': 0}, {'text': 'open()', 'weight': 1}, {'text': 'read()', 'weight': 0.25}, {'text': 'write()', 'weight': 0}]"
42,วิธีการใดสามารถใช้เพื่อตรวจสอบว่ามี key ใน dictionary หรือไม่?,Intermediate,"[{'text': 'if key in dict:', 'weight': 1}, {'text': 'dict.has_key(key)', 'weight': 0.5}, {'text': 'dict[key]!= None', 'weight': 0.25}, {'text': 'key == dict.keys()', 'weight': 0}]"
43,การทำงานของโค้ด Python ด้านล่างนี้คืออะไร?,Intermediate,"[{'text': 'การวน loop ไม่รู้จบ', 'weight': 0.25}, {'text': 'การวน loop 10 รอบ', 'weight': 0}, {'text': 'การวน loop 5 รอบ', 'weight': 1}, {'text': 'การวน loop 15 รอบ', 'weight': 0}]"
44,คำสั่งใดใน Python ใช้สำหรับการ import module ทั้งหมด?,Intermediate,"[{'text': 'import *', 'weight': 1}, {'text': 'from module import *', 'weight': 0.75}, {'text': 'import all', 'weight': 0}, {'text': 'load module', 'weight': 0}]"
45,โค้ดต่อไปนี้จะพิมพ์อะไรออกมา?,Intermediate,"[{'text': ""'Hello', 'World'"", 'weight': 0}, {'text': ""'Hello World'"", 'weight': 1}, {'text': ""('Hello', 'World')"", 'weight': 0.5}, {'text': 'Error', 'weight': 0}]"
46,การทำงานของฟังก์ชัน lambda ใน Python คืออะไร?,Intermediate,"[{'text': 'สร้างฟังก์ชันที่ไม่มีชื่อ', 'weight': 1}, {'text': 'สร้างคลาสใหม่', 'weight': 0}, {'text': 'เรียกใช้ฟังก์ชันที่มีอยู่แล้ว', 'weight': 0}, {'text': 'สร้าง module ใหม่', 'weight': 0}]"
47,ความแตกต่างระหว่าง list กับ tuple ใน Python คืออะไร?,Intermediate,"[{'text': 'list เป็น Immutable แต่ tuple เป็น Mutable', 'weight': 0}, {'text': 'tuple เป็น Immutable แต่ list เป็น Mutable', 'weight': 1}, {'text': 'list และ tuple ทั้งคู่เป็น Immutable', 'weight': 0}, {'text': 'list และ tuple ทั้งคู่เป็น Mutable', 'weight': 0}]"
48,วิธีการที่ถูกต้องในการเขียน exception handling ใน Python คืออะไร?,Intermediate,"[{'text': 'try - catch', 'weight': 0}, {'text': 'try - except', 'weight': 1}, {'text': 'error - catch', 'weight': 0}, {'text': 'exception - handle', 'weight': 0}]"
49,การทำงานของ keyword'self' ใน Python คืออะไร?,Intermediate,"[{'text': 'อ้างอิงถึง object ที่กำลังสร้าง', 'weight': 1}, {'text': 'อ้างอิงถึง class ที่กำลังสร้าง', 'weight': 0}, {'text': 'อ้างอิงถึง function ที่กำลังสร้าง', 'weight': 0}, {'text': 'ไม่ใช่ keyword ใน Python', 'weight': 0}]"
50,การทำงานของฟังก์ชัน map() ในภาษา Python คืออะไร?,Intermediate,"[{'text': 'ใช้สำหรับการเรียงลำดับข้อมูล', 'weight': 0}, {'text': 'ใช้สำหรับการแปลงข้อมูล', 'weight': 0.25}, {'text': 'ใช้สำหรับการกรองข้อมูล', 'weight': 0.5}, {'text': 'ใช้สำหรับการประมวลผลข้อมูลแบบหลายๆ ครั้ง', 'weight': 1}]"
51,วิธีการเข้าถึงสมาชิกในคลาส Python คืออะไร?,Intermediate,"[{'text': ""ใช้สัญลักษณ์ '.' เพื่อเข้าถึงสมาชิก"", 'weight': 1}, {'text': ""ใช้สัญลักษณ์ '->' เพื่อเข้าถึงสมาชิก"", 'weight': 0}, {'text': ""ใช้สัญลักษณ์ '::' เพื่อเข้าถึงสมาชิก"", 'weight': 0}, {'text': 'ไม่สามารถเข้าถึงสมาชิกในคลาส Python ได้', 'weight': 0}]"
52,การใช้งาน keyword 'yield' ในฟังก์ชัน Python มีผลต่อการทำงานอย่างไร?,Intermediate,"[{'text': 'ทำให้ฟังก์ชันเป็น generator function', 'weight': 1}, {'text': 'ทำให้ฟังก์ชันเป็น asynchronous function', 'weight': 0}, {'text': 'ไม่มีผลต่อการทำงานของฟังก์ชัน', 'weight': 0}, {'text': 'ทำให้ฟังก์ชันทำงานช้าลง', 'weight': 0}]"
53,วิธีการสร้าง dictionary comprehension ใน Python คืออะไร?,Intermediate,"[{'text': '{key: value for key, value in iterable}', 'weight': 1}, {'text': '[key: value for key, value in iterable]', 'weight': 0}, {'text': '(key: value for key, value in iterable)', 'weight': 0}, {'text': 'ไม่สามารถสร้าง dictionary comprehension ได้', 'weight': 0}]"
54,การทำงานของฟังก์ชัน map ใน Python คืออะไร?,Intermediate,"[{'text': 'แปลงค่าในลิสต์เป็น string', 'weight': 0}, {'text': 'นำค่าในลิสต์มาทำการคำนวณตามฟังก์ชันที่กำหนด', 'weight': 1}, {'text': 'จัดการกับ exception ที่เกิดขึ้นในโค้ด', 'weight': 0}, {'text': 'ใช้สำหรับการสร้าง object ของ class', 'weight': 0}]"
55,การทำงานของฟังก์ชัน filter ใน Python คืออะไร?,Intermediate,"[{'text': 'ใช้สำหรับการแปลงข้อมูล', 'weight': 0}, {'text': 'ใช้สำหรับการคัดกรองข้อมูลตามเงื่อนไขที่กำหนด', 'weight': 1}, {'text': 'ใช้สำหรับการเรียงลำดับข้อมูล', 'weight': 0}, {'text': 'ใช้สำหรับการรวมผลรวมของข้อมูล', 'weight': 0}]"
56,คุณสมบัติของ Decorator ใน Python คืออะไร?,Intermediate,"[{'text': 'ใช้สำหรับการเขียนฟังก์ชันที่มีการวนซ้ำ', 'weight': 0}, {'text': 'ใช้สำหรับการเพิ่มความสามารถให้กับฟังก์ชันที่มีอยู่แล้ว', 'weight': 1}, {'text': 'ใช้สำหรับการจัดการกับ exception', 'weight': 0}, {'text': 'ใช้สำหรับการสร้าง class', 'weight': 0}]"
57,การทำงานของฟังก์ชัน zip ใน Python คืออะไร?,Intermediate,"[{'text': 'ใช้สำหรับการแปลงข้อมูลเป็น dictionary', 'weight': 0}, {'text': 'ใช้สำหรับการรวมข้อมูลจากหลายๆ ลิสต์', 'weight': 1}, {'text': 'ใช้สำหรับการคัดกรองข้อมูล', 'weight': 0}, {'text': 'ใช้สำหรับการเรียงลำดับข้อมูล', 'weight': 0}]"
58,คุณสมบัติของ Context Manager ใน Python คืออะไร?,Intermediate,"[{'text': 'ใช้สำหรับการจัดการทรัพยากร เช่น การเปิดไฟล์', 'weight': 1}, {'text': 'ใช้สำหรับการแปลงข้อมูล', 'weight': 0}, {'text': 'ใช้สำหรับการคัดกรองข้อมูล', 'weight': 0}, {'text': 'ใช้สำหรับการเรียงลำดับข้อมูล', 'weight': 0}]"
59,โค้ด Python ต่อไปนี้จะทำอะไร,Intermediate,"[{'text': 'สร้าง list ที่มีค่าเดียวกันทั้งหมด', 'weight': 0}, {'text': 'สร้าง list ที่มีค่าเพิ่มขึ้นทีละ 1', 'weight': 0.25}, {'text': 'สร้าง list ที่มีค่าลดลงเรื่อยๆ', 'weight': 0.5}, {'text': 'สร้าง list ที่มีค่า 0-9', 'weight': 1}]"
60,ฟังก์ชันใดใน Python ที่ใช้สำหรับการแปลง string เป็นเลขฐานสอง,Intermediate,"[{'text': 'bin()', 'weight': 1}, {'text': 'int()', 'weight': 0.25}, {'text': 'str()', 'weight': 0}, {'text': 'float()', 'weight': 0}]"
61,วิธีการใดที่ถูกต้องในการเข้าถึงสมาชิกของ dictionary ใน Python,Intermediate,"[{'text': 'ใช้ dot notation', 'weight': 0.5}, {'text': 'ใช้ square bracket notation', 'weight': 1}, {'text': 'ใช้ curly bracket notation', 'weight': 0}, {'text': 'ไม่สามารถเข้าถึงสมาชิกของ dictionary ได้', 'weight': 0}]"
62,การทำงานของโค้ด Python ต่อไปนี้คืออะไร,Intermediate,"[{'text': 'เป็นการสร้าง function ที่ไม่มีการ return ค่า', 'weight': 0}, {'text': 'เป็นการสร้าง function ที่ return ค่าเป็น None', 'weight': 1}, {'text': 'เป็นการสร้าง function ที่ return ค่าเป็น 0', 'weight': 0}, {'text': ""เป็นการสร้าง function ที่ return ค่าเป็น 'None'"", 'weight': 0.25}]"
63,คุณสามารถเข้าถึง element ภายใน list โดยการใช้ index ที่เป็นเลขลบได้หรือไม่?,Intermediate,"[{'text': 'ไม่สามารถ', 'weight': 0}, {'text': 'สามารถ แต่เพียง index -1', 'weight': 0.5}, {'text': 'สามารถ เข้าถึง element จากท้าย list', 'weight': 1}, {'text': 'ขึ้นอยู่กับขนาดของ list', 'weight': 0}]"
64,วิธีการทำงานของ keyword 'yield' ใน Python คืออะไร?,Intermediate,"[{'text': 'ใช้สำหรับการสร้าง iterator', 'weight': 1}, {'text': 'ใช้สำหรับการสร้าง generator', 'weight': 0.75}, {'text': 'ใช้สำหรับการสร้าง decorator', 'weight': 0}, {'text': 'ไม่มีผลกระทบต่อโค้ด', 'weight': 0}]"
65,ความแตกต่างระหว่าง 'break' และ 'continue' ใน Python คืออะไร?,Intermediate,"[{'text': ""'break' จะหยุด loop ทันที ส่วน 'continue' จะข้าม iteration ปัจจุบัน"", 'weight': 1}, {'text': ""'continue' จะหยุด loop ทันที ส่วน 'break' จะข้าม iteration ปัจจุบัน"", 'weight': 0}, {'text': 'ทั้งสองคำสั่งมีความหมายเดียวกัน', 'weight': 0}, {'text': 'ไม่มีความแตกต่าง', 'weight': 0}]"
66,วิธีการทำงานของ 'zip' function ใน Python คืออะไร?,Intermediate,"[{'text': 'ใช้สำหรับการรวม list หลายๆ อัน', 'weight': 1}, {'text': 'ใช้สำหรับการแปลง list เป็น tuple', 'weight': 0}, {'text': 'ใช้สำหรับการคัดลอก element จาก list', 'weight': 0}, {'text': 'ไม่มีผลกระทบต่อ list', 'weight': 0}]"
67,โค้ดต่อไปนี้จะทำอะไร?,Intermediate,"[{'text': 'สร้างลิสต์ของตัวเลขที่เพิ่มขึ้น', 'weight': 0}, {'text': 'สร้างลิสต์ของตัวเลขที่ลดลง', 'weight': 0.25}, {'text': 'สร้างลิสต์ของตัวเลขที่เพิ่มขึ้นแบบคูณสอง', 'weight': 0.75}, {'text': 'สร้างลิสต์ของตัวเลขที่เพิ่มขึ้นแบบคูณสองเริ่มต้นที่ 1', 'weight': 1}]"
68,ฟังก์ชัน `map()` ใน Python ทำอะไร?,Intermediate,"[{'text': 'ใช้แปลงข้อมูลจากหนึ่งรูปแบบเป็นอีกรูปแบบ', 'weight': 0.5}, {'text': 'ใช้กรองข้อมูลตามเงื่อนไขที่กำหนด', 'weight': 0}, {'text': 'ใช้ทำการประมวลผลข้อมูลทั้งหมดในลิสต์', 'weight': 0.25}, {'text': 'ใช้ทำการแปลงข้อมูลทั้งหมดในลิสต์ตามฟังก์ชันที่กำหนด', 'weight': 1}]"
69,วัตถุประสงค์ของการใช้ `try-except` ใน Python คืออะไร?,Intermediate,"[{'text': 'เพื่อเพิ่มความเร็วในการทำงานของโปรแกรม', 'weight': 0}, {'text': 'เพื่อลดขนาดของโค้ด', 'weight': 0}, {'text': 'เพื่อจัดการกับข้อผิดพลาดที่อาจเกิดขึ้น', 'weight': 1}, {'text': 'เพื่อเพิ่มความปลอดภัยของโปรแกรม', 'weight': 0.25}]"
70,การทำงานของ `set` ใน Python คืออะไร?,Intermediate,"[{'text': 'การจัดเก็บข้อมูลแบบไม่ซ้ำซ้อน', 'weight': 1}, {'text': 'การจัดเก็บข้อมูลแบบซ้ำซ้อน', 'weight': 0}, {'text': 'การจัดเก็บข้อมูลแบบเรียงลำดับ', 'weight': 0.25}, {'text': 'การจัดเก็บข้อมูลแบบสุ่ม', 'weight': 0.5}]"
71,โค้ด Python ต่อไปนี้จะทำอะไร?,Intermediate,"[{'text': 'สร้างลิสต์ที่มีสมาชิก 10 ตัว', 'weight': 0.25}, {'text': 'สร้างลิสต์ที่มีสมาชิก 5 ตัว', 'weight': 1}, {'text': 'สร้างลิสต์ที่ไม่มีสมาชิก', 'weight': 0}, {'text': 'สร้างลิสต์ที่มีสมาชิก 15 ตัว', 'weight': 0}]"
72,ฟังก์ชันใดใน Python ที่ใช้สำหรับการเรียงลำดับลิสต์?,Intermediate,"[{'text': 'sorted()', 'weight': 1}, {'text': 'reverse()', 'weight': 0.25}, {'text': 'sort()', 'weight': 0.5}, {'text': 'order()', 'weight': 0}]"
73,การทำงานของโค้ด Python ต่อไปนี้คืออะไร?,Intermediate,"[{'text': ""เป็นการตรวจสอบว่าสมาชิก 'apple' อยู่ในลิสต์หรือไม่"", 'weight': 1}, {'text': ""เป็นการเพิ่มสมาชิก 'apple' เข้าไปในลิสต์"", 'weight': 0}, {'text': ""เป็นการลบสมาชิก 'apple' ออกจากลิสต์"", 'weight': 0}, {'text': ""เป็นการตรวจสอบว่าลิสต์มีสมาชิก 'apple' มากกว่าหนึ่งหรือไม่"", 'weight': 0.5}]"
74,ฟังก์ชันใดใน Python ที่ใช้สำหรับการรับข้อมูลผู้ใช้?,Intermediate,"[{'text': 'print()', 'weight': 0}, {'text': 'input()', 'weight': 1}, {'text': 'output()', 'weight': 0}, {'text': 'read()', 'weight': 0.5}]"
75,การทำงานของ decorator ใน Python คืออะไร?,Intermediate,"[{'text': 'เป็นการเพิ่มความสามารถให้กับฟังก์ชัน', 'weight': 0.75}, {'text': 'เป็นการลดความสามารถของฟังก์ชัน', 'weight': 0}, {'text': 'เป็นการแปลงฟังก์ชันให้เป็น object', 'weight': 0.25}, {'text': 'เป็นวิธีการเขียนฟังก์ชันที่สามารถนำไปใช้ซ้ำได้', 'weight': 1}]"
76,การทำงานของ Context Manager ใน Python คืออะไร?,Intermediate,"[{'text': 'เป็นวิธีการจัดการ resource ที่ต้องการการ open และ close', 'weight': 1}, {'text': 'เป็นวิธีการจัดการ error ที่เกิดขึ้นในโปรแกรม', 'weight': 0.5}, {'text': 'เป็นวิธีการจัดการ memory ของ object', 'weight': 0.25}, {'text': 'เป็นวิธีการจัดการ thread ใน multi-threading', 'weight': 0}]"
77,การทำงานของ map() function ใน Python คืออะไร?,Intermediate,"[{'text': 'เป็นการแปลง list ให้เป็น dictionary', 'weight': 0}, {'text': 'เป็นการนำฟังก์ชันหนึ่งมาประยุกต์ใช้กับ iterable อื่น', 'weight': 1}, {'text': 'เป็นการรวม list หลายๆ อันให้เป็น list เดียว', 'weight': 0.25}, {'text': 'เป็นการค้นหาค่าที่ตรงกับเงื่อนไขใน list', 'weight': 0.5}]"
78,การทำงานของ yield keyword ใน Python คืออะไร?,Intermediate,"[{'text': 'เป็นการ return ค่าจากฟังก์ชัน', 'weight': 0.5}, {'text': 'เป็นการสร้าง generator ที่สามารถ return ค่าหลายครั้ง', 'weight': 1}, {'text': 'เป็นการสร้าง iterator ที่สามารถวน loop ได้', 'weight': 0.25}, {'text': 'เป็นการสร้าง list comprehension', 'weight': 0}]"
79,การเขียนโค้ด Python ด้านล่างนี้จะทำอะไร,Intermediate,"[{'text': 'สร้าง dictionary ที่มีคีย์เป็นชื่อและค่าเป็นวัย', 'weight': 0.5}, {'text': 'สร้าง list ที่มีชื่อและวัย', 'weight': 0}, {'text': 'สร้าง tuple ที่มีชื่อและวัย', 'weight': 0}, {'text': 'สร้าง dictionary ที่มีคีย์เป็นชื่อและค่าเป็นวัย และเพิ่มเข้าไปใน list', 'weight': 1}]"
80,ฟังก์ชันใดใน Python ที่ใช้สำหรับการเรียงลำดับข้อมูล,Intermediate,"[{'text': 'sorted()', 'weight': 1}, {'text': 'reverse()', 'weight': 0}, {'text': 'shuffle()', 'weight': 0}, {'text': 'min()', 'weight': 0}]"
81,เมธอดใดใน Python ที่ใช้สำหรับการแปลง string เป็น lowercase,Intermediate,"[{'text': 'lower()', 'weight': 1}, {'text': 'uppercase()', 'weight': 0}, {'text': 'titlecase()', 'weight': 0}, {'text': 'swapcase()', 'weight': 0}]"
82,คุณสามารถใช้ฟังก์ชันอะไรในการสลับคำสั่ง for loop และ if statement ใน Python?,Intermediate,"[{'text': 'reverse()', 'weight': 0}, {'text': 'enumerate()', 'weight': 0.25}, {'text': 'zip()', 'weight': 0.5}, {'text': 'list comprehension', 'weight': 1}]"
83,การใช้ฟังก์ชัน try-except-finally จะช่วยจัดการข้อผิดพลาดในโค้ด Python ของคุณอย่างไร?,Intermediate,"[{'text': 'เพิ่มความเร็วในการทำงาน', 'weight': 0}, {'text': 'ลดความซับซ้อนของโค้ด', 'weight': 0.25}, {'text': 'ตรวจสอบและจัดการข้อผิดพลาด', 'weight': 1}, {'text': 'เพิ่มความปลอดภัยในการเข้าถึงไฟล์', 'weight': 0.5}]"
84,"เมื่อคุณใช้ฟังก์ชัน map() ใน Python, คุณต้องการทำอะไร?",Intermediate,"[{'text': 'กรองข้อมูลจากลิสต์', 'weight': 0.25}, {'text': 'สร้างลิสต์ใหม่โดยการประมวลผลแต่ละข้อมูล', 'weight': 1}, {'text': 'รวมข้อมูลจากหลายลิสต์', 'weight': 0}, {'text': 'ตรวจสอบเงื่อนไขในลิสต์', 'weight': 0.5}]"
85,คุณสามารถใช้วิธีอะไรในการจัดการโมดูลที่มีชื่อซ้ำใน Python?,Intermediate,"[{'text': ""import ด้วยคำสั่ง 'from module import *'"", 'weight': 0}, {'text': 'ใช้ alias ในการ import โมดูล', 'weight': 1}, {'text': 'เปลี่ยนชื่อโมดูล', 'weight': 0.25}, {'text': 'ไม่สามารถจัดการโมดูลที่มีชื่อซ้ำ', 'weight': 0.5}]"
86,"เมื่อคุณใช้งาน sets ใน Python, ข้อมูลจะถูกจัดเก็บอย่างไร?",Intermediate,"[{'text': 'ตามลำดับการเพิ่มข้อมูล', 'weight': 0}, {'text': 'แบบไม่มีลำดับและไม่ซ้ำ', 'weight': 1}, {'text': 'แบบมีลำดับแต่ซ้ำ', 'weight': 0.25}, {'text': 'แบบซ้ำแต่ไม่มีลำดับ', 'weight': 0.5}]"
87,การสร้างฟังก์ชันในภาษา Python สามารถทำได้โดยการใช้คำสั่งใด?,Intermediate,"[{'text': 'def', 'weight': 1}, {'text': 'function', 'weight': 0}, {'text': 'proc', 'weight': 0}, {'text': 'sub', 'weight': 0}]"
88,"เมื่อเรียกใช้งานฟังก์ชันที่มีพารามิเตอร์ 'a' และ 'b', การส่งค่าผ่านพารามิเตอร์สามารถทำได้แบบไหน?",Intermediate,"[{'text': 'การเรียกใช้งานด้วยลำดับ', 'weight': 1}, {'text': 'การส่งค่าผ่าน key-value pair', 'weight': 0.5}, {'text': 'การส่งค่าผ่าน array', 'weight': 0}, {'text': 'ไม่สามารถส่งค่าผ่านพารามิเตอร์', 'weight': 0}]"
89,การเข้าถึงสมาชิกใน Dictionary ของ Python สามารถทำได้โดยใช้คำสั่งใด?,Intermediate,"[{'text': 'ด้วยวิธีการ indexing ด้วย key', 'weight': 1}, {'text': 'ด้วยวิธีการ indexing ด้วย index', 'weight': 0}, {'text': 'ด้วยคำสั่ง get_member()', 'weight': 0}, {'text': 'ไม่สามารถเข้าถึงสมาชิกใน Dictionary', 'weight': 0}]"
90,การแปลง string เป็นเลขทศนิยมใน Python สามารถทำได้โดยใช้ฟังก์ชันใด?,Intermediate,"[{'text': 'float()', 'weight': 1}, {'text': 'int()', 'weight': 0.5}, {'text': 'str_to_num()', 'weight': 0}, {'text': 'number_parse()', 'weight': 0}]"
91,การสร้างลิสต์ที่มีข้อมูลซ้ำใน Python สามารถทำได้โดยใช้วิธีใด?,Intermediate,"[{'text': 'การใช้ list comprehension', 'weight': 1}, {'text': 'การใช้ for loop', 'weight': 0.75}, {'text': 'การใช้ while loop', 'weight': 0.25}, {'text': 'ไม่สามารถสร้างลิสต์ที่มีข้อมูลซ้ำ', 'weight': 0}]"
92,โค้ด Python ด้านล่างจะพิมพ์อะไรออกมา?,Intermediate,"[{'text': 'Hello, World!', 'weight': 0}, {'text': 'Goodbye, World!', 'weight': 0.25}, {'text': 'Error', 'weight': 0.5}, {'text': 'Hello, Universe!', 'weight': 1}]"
93,ฟังก์ชันใดใน Python ที่ใช้สำหรับการจัดเรียง list?,Intermediate,"[{'text': 'reverse()', 'weight': 0.5}, {'text': 'sort()', 'weight': 1}, {'text': 'order()', 'weight': 0}, {'text': 'arrange()', 'weight': 0}]"
94,การเขียน regex ใน Python ควรใช้โมดูลใด?,Intermediate,"[{'text': 're', 'weight': 1}, {'text': 'regex', 'weight': 0}, {'text': 'pattern', 'weight': 0}, {'text': 'match', 'weight': 0}]"
95,วิธีการใดใน Python ที่สามารถนำไปใช้กับ object ของคลาสใดๆ?,Intermediate,"[{'text': '__str__()', 'weight': 1}, {'text': '__repr__()', 'weight': 0.5}, {'text': '__describe__()', 'weight': 0}, {'text': '__display__()', 'weight': 0}]"
96,โค้ด Python ด้านล่างจะพิมพ์อะไรออกมา? print([x for x in range(5) if x % 2 == 0]),Intermediate,"[{'text': '[1, 3, 5]', 'weight': 0}, {'text': '[0, 2, 4]', 'weight': 1}, {'text': '[0, 1, 2, 3, 4]', 'weight': 0}, {'text': 'Error', 'weight': 0}]"
97,คำสั่งไหนที่ใช้สำหรับการคัดลอกข้อมูลจากลิสต์หนึ่งไปยังลิสต์อื่น?,Intermediate,"[{'text': 'append', 'weight': 0}, {'text': 'extend', 'weight': 0.5}, {'text': 'copy', 'weight': 1}, {'text': 'slice', 'weight': 0.25}]"
98,ฟังก์ชันไหนที่ใช้สำหรับการแปลงข้อมูลจาก string เป็น integer?,Intermediate,"[{'text': 'str()', 'weight': 0}, {'text': 'int()', 'weight': 1}, {'text': 'float()', 'weight': 0.25}, {'text': 'list()', 'weight': 0}]"
99,เมธอดไหนที่ใช้สำหรับการเรียงลำดับข้อมูลในลิสต์?,Intermediate,"[{'text': 'reverse()', 'weight': 0.5}, {'text': 'sort()', 'weight': 1}, {'text': 'sorted()', 'weight': 0.25}, {'text': 'shuffle()', 'weight': 0}]"
100,คำสั่งไหนที่ใช้สำหรับการตรวจสอบว่ามี element ไหนบ้างในลิสต์?,Intermediate,"[{'text': 'in', 'weight': 1}, {'text': 'not in', 'weight': 0.75}, {'text': 'contains', 'weight': 0}, {'text': 'exists', 'weight': 0}]"
101,การทำงานของฟังก์ชัน range() ใน Python คืออะไร?,Intermediate,"[{'text': 'สร้างลิสต์ของตัวเลขแบบ random', 'weight': 0}, {'text': 'สร้างลิสต์ของตัวอักษรแบบ random', 'weight': 0}, {'text': 'สร้างลิสต์ของตัวเลขที่มีค่าเริ่มต้น, สิ้นสุด, และ step ที่กำหนด', 'weight': 1}, {'text': 'สร้างลิสต์ของตัวอักษรที่มีค่าเริ่มต้นและสิ้นสุด', 'weight': 0}]"
102,การเขียนโค้ด Python ด้านล่างนี้จะพิมพ์อะไรออกมา?,Intermediate,"[{'text': '10', 'weight': 0}, {'text': '20', 'weight': 1}, {'text': '30', 'weight': 0.5}, {'text': 'Error', 'weight': 0}]"
103,คุณสามารถตรวจสอบว่ารายการใดๆ เป็นรายการว่างได้โดยการใช้คำสั่ง Python อะไร?,Intermediate,"[{'text': 'len(list) == 0', 'weight': 1}, {'text': 'list.empty()', 'weight': 0}, {'text': 'not list', 'weight': 0.75}, {'text': 'list.isempty()', 'weight': 0}]"
104,การแปลงประเภทข้อมูลจาก string ไปเป็น integer สามารถทำได้โดยการใช้ฟังก์ชัน Python อะไร?,Intermediate,"[{'text': 'int()', 'weight': 1}, {'text': 'str()', 'weight': 0}, {'text': 'float()', 'weight': 0}, {'text': 'bool()', 'weight': 0}]"
105,"ใน Python, คุณสามารถใช้วิธีอะไรในการเรียก function หลายครั้ง?",Intermediate,"[{'text': 'Iteration', 'weight': 1}, {'text': 'Recursion', 'weight': 0.75}, {'text': 'Exceptions', 'weight': 0}, {'text': 'Encapsulation', 'weight': 0}]"
106,การแปลงข้อมูลจาก 'tuple' เป็น 'list' สามารถทำได้โดยใช้ฟังก์ชันใด?,Intermediate,"[{'text': 'str()', 'weight': 0}, {'text': 'list()', 'weight': 1}, {'text': 'tuple()', 'weight': 0}, {'text': 'int()', 'weight': 0}]"
107,"โค้ด Python ต่อไปนี้จะพิมพ์อะไรออกมา?
my_string = 'Hello, World!'
print(my_string[7:])",Intermediate,"[{'text': 'Hello, World!', 'weight': 0}, {'text': 'World!', 'weight': 1}, {'text': 'Hello,', 'weight': 0}, {'text': 'Error', 'weight': 0}]"
108,"ในการทำงานกับ 'dictionary', การเรียกดูค่าที่เก็บอยู่ใน key ที่กำหนดสามารถทำได้โดยใช้คำสั่งใด?",Intermediate,"[{'text': ""my_dict.get('key')"", 'weight': 1}, {'text': ""my_dict['key']"", 'weight': 0.5}, {'text': ""my_dict.key('key')"", 'weight': 0}, {'text': ""my_dict.search('key')"", 'weight': 0}]"
109,"โค้ด Python ต่อไปนี้จะพิมพ์อะไรออกมา?
for i in range(5):
    print(i * i)",Intermediate,"[{'text': '0 1 2 3 4', 'weight': 0}, {'text': '0 1 4 9 16', 'weight': 1}, {'text': '0 2 4 6 8', 'weight': 0}, {'text': '1 2 3 4 5', 'weight': 0}]"
110,การสร้าง 'lambda function' ใน Python สามารถทำได้โดยใช้คำสั่งใด?,Intermediate,"[{'text': 'def', 'weight': 0}, {'text': 'lambda', 'weight': 1}, {'text': 'function', 'weight': 0}, {'text': 'proc', 'weight': 0}]"
111,คุณสามารถแก้ไขค่าของตัวแปร list ใน Python ได้หรือไม่?,Intermediate,"[{'text': 'ไม่สามารถ', 'weight': 0}, {'text': 'สามารถแก้ไขเฉพาะ element แรก', 'weight': 0.25}, {'text': 'สามารถแก้ไขได้เฉพาะบาง element', 'weight': 0.5}, {'text': 'สามารถแก้ไขได้ทุก element', 'weight': 1}]"
112,การใช้ฟังก์ชัน map() ใน Python นั้นมีวัตถุประสงค์เพื่อ?,Intermediate,"[{'text': 'แปลงประเภทข้อมูล', 'weight': 0.25}, {'text': 'สร้าง list ใหม่จากการทำงานร่วมกับฟังก์ชัน', 'weight': 1}, {'text': 'เรียงลำดับข้อมูลใน list', 'weight': 0}, {'text': 'หาระยะเวลาที่ใช้ในฟังก์ชัน', 'weight': 0}]"
113,การเขียนโค้ด Python ด้วยแนวคิด Functional Programming สามารถทำได้โดยใช้ฟังก์ชันใด?,Intermediate,"[{'text': 'filter()', 'weight': 0.75}, {'text': 'reduce()', 'weight': 0.25}, {'text': 'map()', 'weight': 0.75}, {'text': 'sorted()', 'weight': 0}]"
114,ความแตกต่างระหว่าง 'is' และ '==' คือ?,Intermediate,"[{'text': ""'is' ตรวจสอบค่า '==' ตรวจสอบออบเจ็กต์"", 'weight': 0}, {'text': ""'is' ตรวจสอบออบเจ็กต์ '==' ตรวจสอบค่า"", 'weight': 1}, {'text': 'ทั้งสองใช้ตรวจสอบค่าเท่ากัน', 'weight': 0}, {'text': 'ไม่มีความแตกต่าง', 'weight': 0}]"
115,การเลือกใช้วิธีการท่อง list ใน Python ควรพิจารณาจาก?,Intermediate,"[{'text': 'ขนาดของ list', 'weight': 0.5}, {'text': 'ความซับซ้อนของฟังก์ชันที่จะทำงานกับ list', 'weight': 1}, {'text': 'ประเภทข้อมูลใน list', 'weight': 0.25}, {'text': 'ตำแหน่งของ element ใน list', 'weight': 0}]"
116,ฟังก์ชัน lambda ใน Python ใช้เพื่ออะไร?,Intermediate,"[{'text': 'สร้าง class ใหม่', 'weight': 0}, {'text': 'กำหนดค่าตัวแปร', 'weight': 0.25}, {'text': 'เขียนฟังก์ชันที่ง่ายและรวดเร็ว', 'weight': 1}, {'text': 'ทำการลูปผ่าน list', 'weight': 0.5}]"
117,เมื่อเรียกใช้ฟังก์ชัน sort() ของ list คุณจะได้ผลลัพธ์เป็นอย่างไร?,Intermediate,"[{'text': 'List ถูกทำลาย', 'weight': 0}, {'text': 'List ไม่ถูกแก้ไข', 'weight': 0.25}, {'text': 'List ถูกเรียงลำดับจากน้อยไปมาก', 'weight': 1}, {'text': 'List ถูกแปลงเป็น tuple', 'weight': 0.5}]"
118,วัตถุ purpose ของ exception handling ใน Python คืออะไร?,Intermediate,"[{'text': 'เพื่อสร้าง error ใหม่', 'weight': 0}, {'text': 'เพื่อป้องกันโปรแกรมจาก crash', 'weight': 1}, {'text': 'เพื่อ optimize performance', 'weight': 0.25}, {'text': 'เพื่อเพิ่มความซับซ้อนของโค้ด', 'weight': 0.5}]"
119,การเขียนฟังก์ชันในภาษา Python สามารถทำได้โดยการใช้คีย์เวิร์ดใด?,Intermediate,"[{'text': 'function', 'weight': 0}, {'text': 'def', 'weight': 1}, {'text': 'proc', 'weight': 0}, {'text': 'sub', 'weight': 0}]"
120,"ในภาษา Python, วิธีการเพิ่มสมาชิกใหม่ในเซ็ตคือ?",Intermediate,"[{'text': '.append()', 'weight': 0}, {'text': '.add()', 'weight': 1}, {'text': '.insert()', 'weight': 0}, {'text': '.extend()', 'weight': 0}]"
121,"เมื่อทำงานกับไฟล์ในภาษา Python, โหมดใดที่ใช้สำหรับการเขียนไฟล์?",Intermediate,"[{'text': 'r', 'weight': 0}, {'text': 'w', 'weight': 1}, {'text': 'a', 'weight': 0.5}, {'text': 'x', 'weight': 0}]"
122,"ในการทำงานกับ Dictionary ในภาษา Python, วิธีการเข้าถึงค่าใดๆผ่านชื่อคีย์คือ?",Intermediate,"[{'text': 'dict.get(key)', 'weight': 0.75}, {'text': 'dict[key]', 'weight': 1}, {'text': 'dict.fetch(key)', 'weight': 0}, {'text': 'dict.lookup(key)', 'weight': 0}]"
123,"ในการทำงานกับ List ในภาษา Python, วิธีการกลับตารางเป็นแนวนอนคือ?",Intermediate,"[{'text': 'list.reverse()', 'weight': 1}, {'text': 'list.invert()', 'weight': 0}, {'text': 'list.flip()', 'weight': 0}, {'text': 'list.turn()', 'weight': 0}]"
124,ฟังก์ชันใดใน Python ที่สามารถนำค่า list มาแปลงเป็น set?,Intermediate,"[{'text': 'list()'}, {'text': 'tuple()'}, {'text': 'set()'}, {'text': 'dict()'}]"
125,วิธีการใดที่สามารถเรียกใช้งาน module'math' ใน Python?,Intermediate,"[{'text': 'import math'}, {'text': 'include math'}, {'text': 'require math'}, {'text': 'load math'}]"
126,การทำงานของคำสั่ง 'break' ใน loop จะทำอะไร?,Intermediate,"[{'text': 'หยุดการทำงานของ loop ปัจจุบันและไปทำงานคำสั่งต่อไป'}, {'text': 'ออกจาก loop ทั้งหมด'}, {'text': 'กลับไปทำงานที่จุดเริ่มต้นของ loop'}, {'text': 'ไม่มีผลต่อการทำงานของ loop'}]"
127,หากต้องการสร้าง object ของ class Person ที่มีชื่อ 'John' และอายุ 30 ควรใช้วิธีการใด?,Intermediate,"[{'text': ""person = Person('John', 30)""}, {'text': ""person = Person.init('John', 30)""}, {'text': ""person = Person.create('John', 30)""}, {'text': ""person = new Person('John', 30)""}]"
128,การทำงานของฟังก์ชัน 'join()' ใน Python คืออะไร?,Intermediate,"[{'text': 'แยก string ออกเป็นหลายส่วน'}, {'text': 'รวม list ของ string เข้าเป็น string เดียว'}, {'text': 'แปลง string เป็นตัวพิมพ์ใหญ่'}, {'text': 'หา length ของ string'}]"
129,การเขียนโค้ดฟังก์ชันเพื่อหาจำนวนผู้คนที่มีอายุมากกว่า 30 ปีในลิสต์ของ dictionary ควรใช้วิธีการใด:,Intermediate,"[{'text': 'ใช้ฟังก์ชัน filter', 'weight': 0}, {'text': 'ใช้ loop และเงื่อนไข if', 'weight': 0.75}, {'text': 'ใช้ list comprehension', 'weight': 1}, {'text': 'ใช้ recursive function', 'weight': 0}]"
130,ในการทำงานกับไฟล์ JSON ใน Python ควรใช้โมดูลใด:,Intermediate,"[{'text': 'json', 'weight': 1}, {'text': 'pickle', 'weight': 0}, {'text': 'csv', 'weight': 0}, {'text': 'requests', 'weight': 0}]"
131,การแก้ไขฟังก์ชันที่มีปัญหาเรื่อง edge case สามารถทำได้โดยการใช้:,Intermediate,"[{'text': 'Error handling ด้วย try-except', 'weight': 0}, {'text': 'Unit testing', 'weight': 1}, {'text': 'Type checking', 'weight': 0.25}, {'text': 'Decorators', 'weight': 0}]"
132,เมื่อใช้คำสั่ง for และ range หลายครั้งใน loop การเข้าใจ scope ของตัวแปรจึงมีความสำคัญ อะไรคือสิ่งที่ผิดพลาดเกี่ยวกับตัวแปรใน Python:,Intermediate,"[{'text': 'ตัวแปรไม่สามารถใช้ใน loop หลายครั้งได้', 'weight': 0}, {'text': 'ตัวแปรที่สร้างใน loop สามารถอยู่ในรูปของ global variable', 'weight': 0}, {'text': 'ตัวแปรที่เป็นส่วนหนึ่งของซ้อนน้อยสุด (innermost scope) มีความหมายของมันเอง', 'weight': 0.25}, {'text': 'ตัวแปรลืมค่าหลังจากการทำงานของ loop เสร็จสิ้น', 'weight': 1}]"
133,โครงสร้างข้อมูล default dictionary ที่ถูกกล่าวถึงในวิชา Computation และ Data Structure ควรเลือกผ่านโมดูลใด:,Intermediate,"[{'text': 'include', 'weight': 0}, {'text': 'collections', 'weight': 1}, {'text': '_oldpolytracevectorpath(i)', 'weight': 0}, {'text': 'None of the above', 'weight': 0}]"
134,โค้ด Python ด้านล่างนี้จะพิมพ์ค่าเป็นใด,Intermediate,"[{'text': 'Hello, World!', 'weight': 0}, {'text': '30', 'weight': 0.25}, {'text': '50', 'weight': 0.5}, {'text': '80', 'weight': 1}]"
135,ฟังก์ชันไหนที่ใช้สำหรับการเข้าถึงสมาชิกในดิกชันนารี?,Intermediate,"[{'text': 'keys()', 'weight': 0}, {'text': 'values()', 'weight': 0}, {'text': 'items()', 'weight': 0.5}, {'text': 'get()', 'weight': 1}]"
136,เมธอดไหนที่ใช้เพื่อรับการเปลี่ยนแปลงที่สุดท้ายของค่าในลิสต์?,Intermediate,"[{'text': 'append()', 'weight': 0}, {'text': 'insert()', 'weight': 0}, {'text': 'pop()', 'weight': 1}, {'text': 'remove()', 'weight': 0.25}]"
137,ฟังก์ชันไหนที่ใช้สำหรับการเรียงลำดับลิสต์?,Intermediate,"[{'text': 'sorted()', 'weight': 1}, {'text': 'reversed()', 'weight': 0}, {'text': '####################################(git)', 'weight': 0}, {'text': 'rand()', 'weight': 0.25}]"
138,โค้ด Python ด้านล่างนี้จะทำให้เกิดเหตุการณ์ใดขึ้น?,Intermediate,"[{'text': 'Error เนื่องจาก a ไม่ได้ถูกกำหนด', 'weight': 0}, {'text': 'คำเตือน (Warning) จะปรากฏขึ้น', 'weight': 0.25}, {'text': 'ไม่มีอะไรเกิดขึ้น เนื่องจาก a เป็น None', 'weight': 0.5}, {'text': 'ความคิดจะตกลงใน Exception handler', 'weight': 1}]"
139,วิธีการใดใน Python ที่สามารถใช้แยก character ของ string?,Intermediate,"[{'text': 'list() function', 'weight': 0}, {'text': 'tuple() function', 'weight': 0.25}, {'text': 'len() function', 'weight': 0.5}, {'text': 'การใช้ indexation อย่างตรงไปตรงมา', 'weight': 1}]"
140,หากต้องการ loop ผ่าน list ใน Python คุณควรใช้:,Intermediate,"[{'text': 'while loop', 'weight': 0}, {'text': 'for... else loop', 'weight': 0.5}, {'text': 'for... in loop', 'weight': 1}, {'text': 'do-while loop', 'weight': 0}]"
141,ในการเขียนฟังก์ชัน Python คุณสามารถกำหนดค่าเริ่มต้นสำหรับ parameter ด้วยวิธีใด?,Intermediate,"[{'text': 'usage of ampersand (&)', 'weight': 0}, {'text': 'usage of equal sign (=)', 'weight': 1}, {'text': 'enclosing in square brackets []', 'weight': 0}, {'text': ""usage of tripple quotes '''"", 'weight': 0}]"
142,ใน Python เซ็ต (set) มีลักษณะสำคัญใด?,Intermediate,"[{'text': 'repeatable elements', 'weight': 0}, {'text': 'ordered collection of unique items', 'weight': 1}, {'text': 'fixed number of elements', 'weight': 0}, {'text': 'nullable items', 'weight': 0}]"
143,เมื่อต้องการเพิ่มฟังก์ชันบางอย่างให้กับคลาสเก่า เราจะใช้ความสามารถใดของ Python?,Intermediate,"[{'text': 'Encapsulation', 'weight': 0}, {'text': 'Inheritance', 'weight': 0.5}, {'text': 'Polymorphism', 'weight': 0.25}, {'text': 'Monkey Patching', 'weight': 1}]"
144,ถ้าเรามี list ของ items และต้องการ filter รายการที่มีคุณสมบัติเฉพาะ เราจะใช้ฟังก์ชันใด?,Intermediate,"[{'text': 'map()', 'weight': 0.25}, {'text': 'filter()', 'weight': 1}, {'text': 'reduce()', 'weight': 0}, {'text': 'sorted()', 'weight': 0.5}]"
145,"สำหรับการจัดการ exceptions ใน Python, เราสามารถใช้คีย์คำว่าใดกับ try-except block?",Intermediate,"[{'text': 'else', 'weight': 0.5}, {'text': 'finally', 'weight': 1}, {'text': 'continue', 'weight': 0}, {'text': 'break', 'weight': 0}]"
146,เมื่อเรียกฟังก์ชันและมีผิดพลาด (exception) เกิดขึ้น Python จะทำอะไร?,Intermediate,"[{'text': 'return ค่าที่ไม่ถูกต้อง', 'weight': 0}, {'text': 'throw exception', 'weight': 1}, {'text': 'jump to the beginning of the program', 'weight': 0}, {'text': 'do nothing and continue executing', 'weight': 0}]"
147,ฟังก์ชันใดใน Python ที่สามารถใช้ร่วมกับ itertools.product()?,Intermediate,"[{'text': 'zip()', 'weight': 0}, {'text': 'chain()', 'weight': 0}, {'text': 'combinations()', 'weight': 0.5}, {'text': 'starmap()', 'weight': 1}]"
148,ฟังก์ชันไหนบ้างที่สามารถใช้งานกับลิสต์ได้,Intermediate,"[{'text': 'sorted() และ reversed()', 'weight': 0.5}, {'text': 'len() และ split()', 'weight': 0}, {'text': 'append() และ insert()', 'weight': 1}, {'text': 'join() และ format()', 'weight': 0.25}]"
149,คำสั่ง Python ใดที่ใช้เก็บข้อมูลในชุดข้อมูลที่ไม่ซ้ำกัน,Intermediate,"[{'text': 'tuple', 'weight': 0.25}, {'text': 'list', 'weight': 0}, {'text': 'set', 'weight': 1}, {'text': 'dict', 'weight': 0}]"
150,วิธีการเขียนลูปใน Python มีอะไรบ้าง,Intermediate,"[{'text': 'for ลูปและ do-while ลูป', 'weight': 0.5}, {'text': 'for ลูปและ while ลูป', 'weight': 1}, {'text': 'for ลูปและ loop ลูป', 'weight': 0}, {'text': 'do-while ลูปและ while ลูป', 'weight': 0}]"
