Question,Level,Choice
ภาษา Python เป็นภาษาที่มีความสามารถในการทำงานได้หลากหลาย เช่น การสร้างเว็บไซต์ การวิเคราะห์ข้อมูล และการสร้าง AI แต่ภาษา Python ไม่สามารถทำอะไรได้บ้าง?,Medium,"[{'text': 'การสร้างเกม', 'weight': 0.25}, {'text': 'การเขียนระบบปฏิบัติการ', 'weight': 0.5}, {'text': 'การทำงานกับฮาร์ดแวร์', 'weight': 0.75}, {'text': 'การประมวลผลภาพ', 'weight': 1}]"
คุณต้องการสร้างโปรแกรมนับจำนวนคำในไฟล์ข้อความ คุณควรใช้วิธีการใดในการอ่านไฟล์ข้อความ?,Hard,"[{'text': 'ใช้ฟังก์ชัน read() ของโมดูล sys', 'weight': 0.25}, {'text': 'ใช้ฟังก์ชัน open() และ readlines()', 'weight': 0.5}, {'text': 'ใช้ฟังก์ชัน read() ของโมดูล os', 'weight': 0.75}, {'text': 'ใช้ฟังก์ชัน load() ของโมดูล json', 'weight': 1}]"
"การเขียนโปรแกรมภาษา Python สามารถทำได้หลายรูปแบบ เช่น การเขียนแบบ Interactive, Scripting และการเขียนโปรแกรมแบบ Object-Oriented ซึ่งรูปแบบใดที่ถูกต้องและเหมาะสมที่สุด?",Medium,"[{'text': 'การเขียนแบบ Interactive', 'weight': 0.25}, {'text': 'การเขียนแบบ Scripting', 'weight': 0.5}, {'text': 'การเขียนแบบ Object-Oriented', 'weight': 0.75}, {'text': 'ขึ้นอยู่กับความต้องการของผู้พัฒนา', 'weight': 1}]"
ในภาษา Python มีการจัดการกับข้อมูลที่ไม่สมบูรณ์หรือข้อมูลที่มีข้อผิดพลาดอย่างไร?,Hard,"[{'text': 'โดยการใช้คำสั่ง try-except เพื่อจัดการกับข้อผิดพลาด', 'weight': 0.25}, {'text': 'โดยการใช้คำสั่ง if-else เพื่อตรวจสอบความถูกต้องของข้อมูล', 'weight': 0.5}, {'text': 'โดยการใช้ฟังก์ชัน len() เพื่อตรวจสอบความยาวของข้อมูล', 'weight': 0.75}, {'text': 'ไม่มีการจัดการกับข้อมูลที่ไม่สมบูรณ์ในภาษา Python', 'weight': 1}]"
การเขียนโปรแกรมภาษา Python จำเป็นต้องมีการระบุประเภทข้อมูล (Data Type) ของตัวแปรหรือไม่?,Medium,"[{'text': 'ไม่จำเป็น', 'weight': 0.25}, {'text': 'บางครั้ง', 'weight': 0.5}, {'text': 'จำเป็น', 'weight': 1}, {'text': 'ขึ้นอยู่กับบริบท', 'weight': 0.75}]"
เมื่อเรียกใช้งานฟังก์ชัน (Function) ในภาษา Python จะต้องระบุค่าเริ่มต้น (Default Value) ให้กับพารามิเตอร์ทุกตัวหรือไม่?,Hard,"[{'text': 'ไม่จำเป็น', 'weight': 0.25}, {'text': 'บางครั้ง', 'weight': 0.5}, {'text': 'จำเป็น', 'weight': 1}, {'text': 'ขึ้นอยู่กับบริบท', 'weight': 0.75}]"
การเขียนโปรแกรมภาษา Python จำเป็นต้องมีการระบุประเภทข้อมูล (Data Type) ของตัวแปรหรือไม่?,Medium,"[{'text': 'ไม่จำเป็น', 'weight': 0.25}, {'text': 'บางกรณี', 'weight': 0.5}, {'text': 'จำเป็นทุกกรณี', 'weight': 0.75}, {'text': 'ขึ้นอยู่กับความซับซ้อนของโปรแกรม', 'weight': 1}]"
การทำงานของ Python จะเริ่มจากบรรทัดแรกของโค้ดและทำงานไปเรื่อยๆ หรือไม่?,Hard,"[{'text': 'ใช่', 'weight': 0.25}, {'text': 'ไม่เสมอไป', 'weight': 0.5}, {'text': 'ขึ้นอยู่กับการกำหนดฟังก์ชัน', 'weight': 0.75}, {'text': 'ขึ้นอยู่กับการเรียกใช้งานโมดูล', 'weight': 1}]"
ภาษา Python เป็นภาษาที่มีความสามารถในการทำงานแบบใดบ้าง?,Medium,"[{'text': 'การประมวลผลข้อมูลทางวิทยาศาสตร์', 'weight': 0.25}, {'text': 'การพัฒนาเว็บไซต์และแอปพลิเคชัน', 'weight': 0.5}, {'text': 'การจัดการฐานข้อมูลและการวิเคราะห์ข้อมูล', 'weight': 0.75}, {'text': 'ทุกอย่างข้างต้น', 'weight': 1}]"
คุณสมบัติเด่นของภาษา Python คืออะไร?,Hard,"[{'text': 'ความเร็วในการประมวลผล', 'weight': 0.25}, {'text': 'ความง่ายในการเขียนโค้ดและอ่านโค้ด', 'weight': 0.5}, {'text': 'ความสามารถในการทำงานร่วมกับภาษาอื่น ๆ', 'weight': 0.75}, {'text': 'ความปลอดภัยในการประมวลผลข้อมูล', 'weight': 1}]"
การเขียนโปรแกรมภาษา Python สามารถทำได้โดยใช้เครื่องมือใดบ้าง?,Medium,"[{'text': 'IDLE', 'weight': 0.25}, {'text': 'PyCharm', 'weight': 0.5}, {'text': 'Visual Studio Code', 'weight': 0.75}, {'text': 'ทั้งสามตัวเลือกข้างบน', 'weight': 1}]"
ความสามารถหลักของภาษา Python คืออะไร?,Hard,"[{'text': 'การทำงานกับฐานข้อมูล', 'weight': 0.25}, {'text': 'การสร้างเว็บไซต์', 'weight': 0.5}, {'text': 'การประมวลผลข้อมูลขนาดใหญ่', 'weight': 0.75}, {'text': 'การทำงานกับ AI และ Machine Learning', 'weight': 1}]"
การเขียนโปรแกรมภาษา Python จำเป็นต้องมีการระบุประเภทข้อมูล (data type) ของตัวแปรหรือไม่?,Medium,"[{'text': 'จำเป็น', 'weight': 0.25}, {'text': 'ไม่จำเป็น', 'weight': 1}, {'text': 'ขึ้นอยู่กับบริบท', 'weight': 0.5}, {'text': 'ไม่สามารถตอบได้', 'weight': 0.75}]"
"ในภาษา Python, การใช้งานฟังก์ชัน (function) สามารถทำได้โดยไม่ต้องระบุประเภทข้อมูลที่จะส่งผ่านไปยังฟังก์ชันได้หรือไม่?",Hard,"[{'text': 'สามารถทำได้', 'weight': 1}, {'text': 'ไม่สามารถทำได้', 'weight': 0.25}, {'text': 'ขึ้นอยู่กับบริบท', 'weight': 0.5}, {'text': 'ไม่สามารถตอบได้', 'weight': 0.75}]"
ภาษา Python เป็นภาษาที่มีความสามารถในการทำงานแบบใดบ้าง?,Medium,"[{'text': 'การประมวลผลข้อมูลทางวิทยาศาสตร์', 'weight': 0.25}, {'text': 'การพัฒนาเว็บไซต์และแอปพลิเคชัน', 'weight': 0.5}, {'text': 'การจัดการฐานข้อมูลและทำ Data Analysis', 'weight': 0.75}, {'text': 'ทุกอย่างข้างต้น', 'weight': 1}]"
ความสามารถหลักของภาษา Python คืออะไร?,Hard,"[{'text': 'ความเร็วในการประมวลผล', 'weight': 0.25}, {'text': 'ความง่ายในการเขียนโค้ด', 'weight': 0.5}, {'text': 'ความสามารถในการทำงานร่วมกับภาษาอื่น ๆ', 'weight': 0.75}, {'text': 'ความสามารถในการทำงานแบบไม่ต้องคอมไพล์', 'weight': 1}]"
การเขียนโปรแกรมภาษา Python จำเป็นต้องมีการระบุประเภทข้อมูล (Data Type) ของตัวแปรหรือไม่?,Medium,"[{'text': 'จำเป็น', 'weight': 0.25}, {'text': 'ไม่จำเป็น', 'weight': 1}, {'text': 'ขึ้นอยู่กับสถานการณ์', 'weight': 0.5}, {'text': 'ไม่สามารถตอบได้', 'weight': 0.75}]"
เมื่อทำงานกับไฟล์ในภาษา Python คุณสามารถใช้คำสั่งใดในการเปิดไฟล์เพื่ออ่านข้อมูล?,Hard,"[{'text': 'import file', 'weight': 0.25}, {'text': ""open(file, 'r')"", 'weight': 1}, {'text': 'read(file)', 'weight': 0.5}, {'text': 'file_open(file)', 'weight': 0.75}]"
ภาษา Python มีความสามารถในการทำงานกับข้อมูลประเภทใดบ้าง?,Medium,"[{'text': 'ตัวเลขและข้อความ', 'weight': 0.25}, {'text': 'ตัวเลข, ข้อความ, และรายการ', 'weight': 0.75}, {'text': 'ตัวเลข, ข้อความ, รายการ, และโครงสร้างข้อมูลที่ซับซ้อน', 'weight': 1}, {'text': 'เฉพาะตัวเลข', 'weight': 0.5}]"
คุณสมบัติของภาษา Python ที่ทำให้มันเหมาะสมสำหรับการพัฒนาแอปพลิเคชันทางวิทยาศาสตร์และการคำนวณคืออะไร?,Hard,"[{'text': 'ความเร็วในการทำงาน', 'weight': 0.25}, {'text': 'ความง่ายในการเขียนโค้ด', 'weight': 0.5}, {'text': 'การสนับสนุนไลบรารีสำหรับการคำนวณทางวิทยาศาสตร์', 'weight': 1}, {'text': 'ความสามารถในการทำงานร่วมกับฐานข้อมูล', 'weight': 0.75}]"
การเขียนโปรแกรมภาษา Python สามารถทำงานได้กับระบบปฏิบัติการใดบ้าง?,Medium,"[{'text': 'Windows', 'weight': 0.25}, {'text': 'Linux และ MacOS', 'weight': 0.5}, {'text': 'Windows, Linux และ MacOS', 'weight': 1}, {'text': 'เฉพาะ Windows', 'weight': 0.75}]"
ความสามารถหลักของภาษา Python คืออะไร?,Hard,"[{'text': 'การประมวลผลข้อมูลทางวิทยาศาสตร์', 'weight': 0.25}, {'text': 'การพัฒนาเว็บไซต์และแอปพลิเคชัน', 'weight': 0.5}, {'text': 'การทำ Data Analysis และ Machine Learning', 'weight': 1}, {'text': 'การสร้างเกม', 'weight': 0.75}]"
ภาษา Python นำมาใช้ในการพัฒนาแอปพลิเคชันประเภทใดบ้าง?,Medium,"[{'text': 'เว็บแอปพลิเคชัน, เกม, และระบบปัญญาประดิษฐ์', 'weight': 1}, {'text': 'มือถือ, เกม, และระบบปัญญาประดิษฐ์', 'weight': 0.75}, {'text': 'เว็บแอปพลิเคชัน, เกม, และระบบปฏิบัติการ', 'weight': 0.5}, {'text': 'เว็บแอปพลิเคชัน, เกม, และฐานข้อมูล', 'weight': 0.25}]"
ความสามารถหลักของภาษา Python คืออะไร?,Hard,"[{'text': 'ความง่ายในการเรียนรู้, ความสามารถในการทำงานกับข้อมูลได้ดี, และการรองรับไลบรารีที่หลากหลาย', 'weight': 1}, {'text': 'ความเร็วในการประมวลผล, ความสามารถในการทำงานกับฐานข้อมูลได้ดี, และการรองรับไลบรารีที่หลากหลาย', 'weight': 0.75}, {'text': 'ความสามารถในการทำงานกับระบบปฏิบัติการได้ดี, ความสามารถในการทำงานกับข้อมูลได้ดี, และการรองรับไลบรารีที่หลากหลาย', 'weight': 0.5}, {'text': 'ความสามารถในการทำงานกับระบบปฏิบัติการได้ดี, ความสามารถในการทำงานกับข้อมูลได้ดี, และความเร็วในการประมวลผล', 'weight': 0.25}]"
การเขียนโค้ด Python ที่ดีต้องมีคุณสมบัติอะไรบ้าง?,Medium,"[{'text': 'อ่านง่าย', 'weight': 0.25}, {'text': 'แก้ไขได้ง่าย', 'weight': 0.5}, {'text': 'ทำงานได้เร็ว', 'weight': 0.75}, {'text': 'ทั้งหมดข้างต้น', 'weight': 1}]"
การสร้างฟังก์ชันใน Python จะต้องมีส่วนประกอบอะไรบ้าง?,Hard,"[{'text': 'ชื่อฟังก์ชัน', 'weight': 0.25}, {'text': 'พารามิเตอร์', 'weight': 0.5}, {'text': 'คำสั่ง return', 'weight': 0.75}, {'text': 'คำสั่ง loop', 'weight': 1}]"
Python เป็นภาษาโปรแกรมมิ่งที่ถูกสร้างขึ้นเพื่อใช้งานในด้านใดบ้าง?,Medium,"[{'text': 'เว็บเซอร์วิส, GUI, เกมส์', 'weight': 1}, {'text': 'เครือข่าย, ด้านฐานข้อมูล, เกมส์', 'weight': 0.75}, {'text': 'เว็บเซอร์วิส, ด้านฐานข้อมูล, AI', 'weight': 0.5}, {'text': 'เกมส์, GUI, AI', 'weight': 0.25}]"
ความสามารถหลักๆของภาษา Python มีอะไรบ้าง?,Hard,"[{'text': 'การทำงานแบบ Interactive Shell, การเขียนโปรแกรมได้ง่าย, ประสิทธิภาพในการทำงานสูง', 'weight': 1}, {'text': 'การทำงานแบบ Parallel Processing, การเขียนโปรแกรมได้ยาก, ประสิทธิภาพในการทำงานต่ำ', 'weight': 0.25}, {'text': 'การทำงานแบบ Real-time, การเขียนโปรแกรมได้ยาก, ประสิทธิภาพในการทำงานสูง', 'weight': 0.5}, {'text': 'การทำงานแบบ Batch Processing, การเขียนโปรแกรมได้ง่าย, ประสิทธิภาพในการทำงานต่ำ', 'weight': 0.75}]"
การทำงานของคำสั่ง print() ในภาษา Python คืออะไร?,Medium,"[{'text': 'ใช้สำหรับการรับข้อมูลจากผู้ใช้', 'weight': 0.25}, {'text': 'ใช้สำหรับการแสดงผลลัพธ์หรือข้อความออกมา', 'weight': 1}, {'text': 'ใช้สำหรับการจัดเก็บข้อมูล', 'weight': 0.5}, {'text': 'ไม่มีการทำงานใดๆ', 'weight': 0}]"
เมื่อเรียกใช้งานฟังก์ชัน len() ใน Python ผลที่ได้คืออะไร?,Hard,"[{'text': 'จำนวนสมาชิกใน list', 'weight': 0.75}, {'text': 'จำนวนคู่มือใน dictionary', 'weight': 0}, {'text': 'ความยาวของ string', 'weight': 1}, {'text': 'ผลรวมของค่าทั้งหมดใน set', 'weight': 0.25}]"
การเขียนโปรแกรม Python ที่ดีต้องมีคุณสมบัติอะไรบ้าง?,Medium,"[{'text': 'ความสามารถในการทำงานได้รวดเร็ว', 'weight': 0.25}, {'text': 'ความสามารถในการอ่านและเข้าใจได้ง่าย', 'weight': 0.5}, {'text': 'ความสามารถในการแก้ไขข้อผิดพลาดได้โดยไม่กระทบต่อโค้ดทั้งหมด', 'weight': 0.75}, {'text': 'ความสามารถในการทำงานร่วมกับภาษาอื่น ๆ ได้', 'weight': 1}]"
เมื่อเรียกใช้งานฟังก์ชันใน Python แล้วเกิดข้อผิดพลาดขึ้น จะทำอย่างไร?,Hard,"[{'text': 'ตรวจสอบโค้ดทั้งหมดเพื่อหาข้อผิดพลาด', 'weight': 0.25}, {'text': 'ตรวจสอบส่วนของโค้ดที่เกี่ยวข้องกับฟังก์ชันที่ถูกเรียกใช้', 'weight': 0.5}, {'text': 'ใช้เครื่องมือเช่น pdb หรือ PyCharm เพื่อทำ debugging', 'weight': 0.75}, {'text': 'ลบรหัสทั้งหมดและเขียนใหม่', 'weight': 1}]"
การใช้งานฟังก์ชันในภาษา Python สามารถทำได้โดยการ,Medium,"[{'text': 'ระบุชื่อฟังก์ชันที่ต้องการใช้งาน', 'weight': 0.25}, {'text': 'สร้างฟังก์ชันใหม่ขึ้นมา', 'weight': 0.5}, {'text': 'เรียกใช้งานโมดูลที่มีฟังก์ชันที่ต้องการ', 'weight': 0.75}, {'text': 'ใช้คำสั่ง import เพื่อนำเข้าฟังก์ชัน', 'weight': 1}]"
ในการทำงานกับข้อมูลในภาษา Python จะมีการใช้งานโครงสร้างข้อมูลใดบ้าง,Hard,"[{'text': 'List, Tuple, Set', 'weight': 0.25}, {'text': 'List, Tuple, Dictionary', 'weight': 0.5}, {'text': 'List, Dictionary, Set', 'weight': 0.75}, {'text': 'List, Tuple, Dictionary, Set', 'weight': 1}]"
การใช้งานภาษาไพธอนมีข้อดีอะไรบ้าง?,Medium,"[{'text': 'สามารถใช้งานได้กับทุกระบบปฏิบัติการ', 'weight': 0.25}, {'text': 'มีความสามารถในการจัดการข้อมูลที่หลากหลาย', 'weight': 0.5}, {'text': 'มีไลบรารี่มาตรฐานที่ครอบคลุม', 'weight': 0.75}, {'text': 'ทั้งหมดข้างต้น', 'weight': 1}]"
การเขียนโปรแกรมภาษาไพธอนต้องคำนึงถึงเรื่องอะไรบ้าง?,Hard,"[{'text': 'การจัดการข้อมูล', 'weight': 0.25}, {'text': 'ความปลอดภัยของโค้ด', 'weight': 0.5}, {'text': 'ความเร็วในการประมวลผล', 'weight': 0.75}, {'text': 'ความง่ายในการอ่านและแก้ไข', 'weight': 1}]"
การตั้งชื่อแปรในภาษา Python ควรดำเนินการอย่างไร?,Medium,"[{'text': 'ไม่ควรมีอักษรไทย', 'weight': 0.25}, {'text': 'ต้องมีตัวอักษรตัวแรกเป็นตัวพิมพ์ใหญ่', 'weight': 0}, {'text': 'ไม่ควรใช้ตัวอักษรหรือตัวเลข', 'weight': 0}, {'text': 'สามารถใช้ตัวอักษร ตัวเลข และเครื่องหมายขีดล่าง (_) ได้ แต่ไม่สามารถเริ่มต้นด้วยตัวเลข', 'weight': 1}]"
การทำงานของภาษา Python เป็นแบบใด?,Hard,"[{'text': 'Compiled', 'weight': 0.75}, {'text': 'Interpreted', 'weight': 1}, {'text': 'Hybrid', 'weight': 0.5}, {'text': 'Machine Code', 'weight': 0.25}]"
ฟังก์ชันใดที่ใช้เพื่อแสดงผลลัพธ์ในภาษา Python?,Medium,"[{'text': 'print()', 'weight': 1}, {'text': 'display()', 'weight': 0.25}, {'text': 'show()', 'weight': 0.25}, {'text': 'console.log()', 'weight': 0}]"
ตัวแปรในภาษา Python สามารถเก็บข้อมูลได้กี่ประเภท?,Hard,"[{'text': '3 ประเภท', 'weight': 0}, {'text': '4 ประเภท', 'weight': 0}, {'text': '6 ประเภท', 'weight': 1}, {'text': '8 ประเภท', 'weight': 0.25}]"
ภาษาไพธอนสามารถทำงานได้กับโครงสร้างข้อมูลแบบใดบ้าง?,Medium,"[{'text': 'List และ Tuple', 'weight': 0.25}, {'text': 'Dictionary และ Set', 'weight': 0.5}, {'text': 'List, Tuple, Dictionary, และ Set', 'weight': 1}, {'text': 'Array และ Matrix', 'weight': 0}]"
การจัดการความซับซ้อนของโค้ดในภาษาไพธอนสามารถทำได้โดยการใช้?,Hard,"[{'text': 'Function', 'weight': 0.5}, {'text': 'Module', 'weight': 0.75}, {'text': 'Class', 'weight': 1}, {'text': 'Library', 'weight': 0.25}]"
