Question,Choice1,Choice2,Choice3,Choice4
การสร้างเเชทGPT มีเป้าหมายหลักอย่างไร และแตกต่างจากช่องทางอื่นอย่างไร?,"('เพื่อสร้างบทสนทนาแบบมนุษย์', 0.75)","('เพื่อสร้างโมเดลภาษาที่สามารถเข้าใจและตอบสนองต่อคำถามได้', 0.5)","('เพื่อพัฒนาความสามารถในการเรียนรู้ของ AI', 0.25)","('เพื่อสร้างระบบที่สามารถทำงานแทนมนุษย์ได้', 0)"
GPT ใช้วิธีการ pre-training และ fine-tuning อย่างไรในการสร้างข้อความที่เหมือนมนุษย์?,"('โดยใช้ข้อมูลขนาดใหญ่ในการฝึกฝน', 0.5)","('โดยใช้เทคนิคการฝึกฝนที่มีความซับซ้อน', 0.25)","('โดยใช้การปรับปรุงโมเดลให้เหมาะสมกับงาน', 0.75)","('โดยใช้การฝึกฝนแบบออนไลน์', 0)"
การสร้างแบบจำลองภาษาที่ปิดหน้ามีส่วนสำคัญอย่างไรในการฝึกฝนของ GPT และมันช่วยให้โมเดลเข้าใจบริบทได้อย่างไร?,"('ช่วยให้โมเดลสามารถเรียนรู้คำศัพท์และความหมาย', 0.5)","('ช่วยให้โมเดลสามารถเข้าใจบริบทของประโยค', 0.75)","('ช่วยให้โมเดลสามารถสร้างข้อความที่มีความหมาย', 0.25)","('ไม่มีผลต่อการฝึกฝนของ GPT', 0)"
กลไกการโฟกัสในทรานส์ฟอร์เมอร์มีความสำคัญอย่างไรในโครงสร้างของ GPT?,"('ช่วยให้โมเดลสามารถโฟกัสที่ส่วนสำคัญของข้อมูล', 0.75)","('ช่วยให้โมเดลสามารถเข้าใจบริบทของประโยค', 0.5)","('ช่วยให้โมเดลสามารถสร้างข้อความที่มีความหมาย', 0.25)","('ไม่มีผลต่อการทำงานของ GPT', 0)"
GPT จัดการกับคำหรือโทเค็นที่ไม่ได้อยู่ในฐานข้อมูลอย่างไร และเทคนิคใดที่สามารถนำมาใช้เพื่อปรับปรุงประสิทธิภาพในสถานการณ์เหล่านี้?,"('โดยการใช้เทคนิคการฝึกฝนที่มีความซับซ้อน', 0.5)","('โดยการใช้ฐานข้อมูลขนาดใหญ่', 0.25)","('โดยการใช้เทคนิคการสร้างคำศัพท์ใหม่', 0.75)","('ไม่สามารถจัดการได้', 0)"
"เปรียบเทียบและต่างกันระหว่าง GPT-1, GPT-2, และ GPT-3 ในด้านโครงสร้าง, ข้อมูลการฝึกฝน, และความสามารถ","('GPT-1 มีขนาดเล็กสุดและมีความสามารถน้อยที่สุด', 0.5)","('GPT-2 มีขนาดใหญ่กว่า GPT-1 แต่ยังมีข้อจำกัดในการสร้างข้อความ', 0.25)","('GPT-3 มีขนาดใหญ่ที่สุดและมีความสามารถมากที่สุด', 0.75)","('ทั้งหมดมีความสามารถเท่ากัน', 0)"
พูดถึงความเสี่ยงและข้อพิจารณาเชิงจริยธรรมที่เกี่ยวข้องกับการนำ GPT ไปใช้งานในแอปพลิเคชันจริง,"('ความเสี่ยงในการสร้างข้อมูลที่ไม่ถูกต้อง', 0.5)","('ความเสี่ยงในการละเมิดความเป็นส่วนตัวของผู้ใช้', 0.25)","('ความเสี่ยงในการสร้างความเข้าใจผิด', 0.75)","('ไม่มีความเสี่ยงใดๆ', 0)"
บรรยายสถานการณ์ที่ GPT สามารถใช้สร้างเนื้อหาที่สร้างสรรค์ และอธิบายขั้นตอนที่จำเป็นในการปรับปรุงโมเดลสำหรับงานนี้,"('การใช้ GPT ในการสร้างบทความ', 0.5)","('การใช้ GPT ในการสร้างเพลง', 0.25)","('การใช้ GPT ในการสร้างภาพ', 0.75)","('ไม่สามารถใช้ GPT ในการสร้างเนื้อหาที่สร้างสรรค์', 0)"
การเรียนรู้แบบเสริมแรงสามารถผสมผสานกับ GPT ได้อย่างไร เพื่อปรับปรุงการตอบสนองของเเชทบอทตามข้อมูลย้อนหลังของผู้ใช้?,"('โดยการใช้ข้อมูลย้อนหลังของผู้ใช้ในการฝึกฝน', 0.5)","('โดยการใช้เทคนิคการฝึกฝนที่มีความซับซ้อน', 0.25)","('โดยการใช้โมเดลการเรียนรู้แบบเสริมแรง', 0.75)","('ไม่สามารถผสมผสานได้', 0)"
เมตริกการประเมินผลทั่วไปที่ใช้ในการประเมินประสิทธิภาพของ GPT คืออะไร และมันเกี่ยวข้องกับคุณภาพของข้อความที่สร้างขึ้นอย่างไร?,"('BLEU score', 0.5)","('ROUGE score', 0.25)","('Perplexity score', 0.75)","('ไม่มีเมตริกการประเมินผล', 0)"
การสร้างเเชทGPT มีเป้าหมายหลักอย่างไร และแตกต่างจากเเชทบอทประเภทอื่นอย่างไร?,"('เพื่อสร้างความสัมพันธ์กับผู้ใช้', 0.25)","('เพื่อให้ข้อมูลและคำแนะนำ', 0.5)","('เพื่อสร้างประสบการณ์การสนทนาที่เหมือนมนุษย์', 0.75)","('เพื่อทำการตลาดออนไลน์', 0)"
โมเดล GPT ใช้การฝึกฝนก่อนและปรับแต่งอย่างไร เพื่อสร้างการตอบสนองที่เหมือนมนุษย์?,"('การใช้ข้อมูลขนาดใหญ่ในการฝึกฝน', 0.25)","('การใช้เทคนิคการเรียนรู้แบบไม่มีผู้สอน', 0.5)","('การใช้การฝึกฝนก่อนและการปรับแต่ง', 0.75)","('การใช้ AI ในการสร้างข้อความ', 0)"
บทบาทของการจำลองภาษาที่ปกปิดในกระบวนการฝึกฝนก่อนของ GPT คืออะไร และมันช่วยให้โมเดลเข้าใจบริบทอย่างไร?,"('เพื่อสร้างความสามารถในการคาดการณ์คำ', 0.25)","('เพื่อสร้างความสามารถในการเข้าใจบริบท', 0.5)","('เพื่อสร้างความสามารถในการสร้างข้อความ', 0.75)","('เพื่อสร้างความสามารถในการตอบคำถาม', 0)"
กลไกการโฟกัสในทรานส์ฟอร์เมอร์และความสำคัญของมันในโครงสร้าง GPT คืออะไร?,"('เพื่อสร้างความสามารถในการจำแนกคำ', 0.25)","('เพื่อสร้างความสามารถในการเข้าใจบริบท', 0.5)","('เพื่อสร้างความสามารถในการสร้างข้อความ', 0.75)","('เพื่อสร้างความสามารถในการตอบคำถาม', 0)"
GPT จัดการกับคำหรือโทเค็นที่ไม่มีอยู่ในคลังข้อมูลอย่างไร และเทคนิคใดที่สามารถนำมาใช้เพื่อปรับปรุงประสิทธิภาพในสถานการณ์เหล่านี้?,"('การใช้เทคนิคการเรียนรู้แบบไม่มีผู้สอน', 0.25)","('การใช้ข้อมูลขนาดใหญ่ในการฝึกฝน', 0.5)","('การใช้เทคนิคการสร้างคำใหม่', 0.75)","('การใช้ AI ในการสร้างข้อความ', 0)"
"เปรียบเทียบและต่างกันระหว่างโมเดล GPT-1, GPT-2, และ GPT-3 ในด้านโครงสร้าง, ข้อมูลการฝึกฝน, และความสามารถ","('GPT-1 ใช้ข้อมูลขนาดเล็กในการฝึกฝน', 0.25)","('GPT-2 ใช้ข้อมูลขนาดใหญ่ในการฝึกฝน', 0.5)","('GPT-3 ใช้ข้อมูลขนาดใหญ่ที่สุดในการฝึกฝน', 0.75)","('ทั้งหมดใช้ข้อมูลขนาดเดียวกันในการฝึกฝน', 0)"
อธิบายถึงความเสี่ยงและข้อพิจารณาเชิงจริยธรรมที่เกี่ยวข้องกับการนำ GPT ไปใช้งานในแอปพลิเคชันจริง,"('ความเสี่ยงในการละเมิดความเป็นส่วนตัวของผู้ใช้', 0.25)","('ความเสี่ยงในการสร้างข้อมูลที่ไม่ถูกต้อง', 0.5)","('ความเสี่ยงในการสร้างความสับสนให้กับผู้ใช้', 0.75)","('ไม่มีความเสี่ยงใดๆ', 0)"
บรรยายสถานการณ์ที่ GPT สามารถนำไปใช้ในการสร้างเนื้อหาที่สร้างสรรค์ และอธิบายขั้นตอนที่จำเป็นในการปรับแต่งโมเดลสำหรับงานนี้,"('การใช้ GPT ในการสร้างบทความ', 0.25)","('การใช้ GPT ในการสร้างเพลง', 0.5)","('การใช้ GPT ในการสร้างภาพ', 0.75)","('การใช้ GPT ในการสร้างภาพยนตร์', 0)"
การเรียนรู้แบบเสริมสามารถผสมผสานกับ GPT อย่างไร เพื่อปรับปรุงการตอบสนองของเเชทบอทตามข้อมูลย้อนกลับของผู้ใช้?,"('การใช้เทคนิคการเรียนรู้แบบไม่มีผู้สอน', 0.25)","('การใช้ข้อมูลขนาดใหญ่ในการฝึกฝน', 0.5)","('การใช้เทคนิคการเรียนรู้แบบเสริม', 0.75)","('การใช้ AI ในการสร้างข้อความ', 0)"
เมตริกการประเมินที่ใช้ในการวัดประสิทธิภาพของ GPT มีคืออะไร และมันเกี่ยวข้องกับคุณภาพของข้อความที่สร้างขึ้นอย่างไร?,"('การใช้เมตริก BLEU Score', 0.25)","('การใช้เมตริก ROUGE Score', 0.5)","('การใช้เมตริก Perplexity', 0.75)","('การใช้เมตริก Accuracy', 0)"
การสร้างเเชทบอท GPT มีเป้าหมายหลักอย่างไร และแตกต่างจากเเชทบอทประเภทอื่นอย่างไร?,"('เพื่อให้สามารถตอบคำถามได้อย่างถูกต้อง', 0.75)","('เพื่อให้สามารถสนทนาได้อย่างเป็นธรรมชาติ', 0.5)","('เพื่อให้สามารถเรียนรู้จากข้อมูลที่ได้รับ', 0.25)","('เพื่อให้สามารถทำงานแทนมนุษย์', 0)"
โมเดล GPT ใช้การฝึกฝนก่อนและปรับปรุงผลลัพธ์เพื่อสร้างข้อความที่เหมือนมนุษย์อย่างไร?,"('โดยใช้ข้อมูลขนาดใหญ่ในการฝึกฝน', 0.5)","('โดยใช้เทคนิคการฝึกฝนที่ซับซ้อน', 0.25)","('โดยใช้การปรับปรุงผลลัพธ์ด้วยข้อมูลใหม่', 0.75)","('โดยไม่ต้องใช้การฝึกฝน', 0)"
บทบาทของการจำลองภาษาที่ปกปิดในกระบวนการฝึกฝนก่อนของ GPT คืออะไร และมันช่วยให้โมเดลเข้าใจบริบทอย่างไร?,"('เพื่อให้โมเดลสามารถเรียนรู้จากข้อมูลที่ไม่สมบูรณ์', 0.5)","('เพื่อให้โมเดลสามารถเข้าใจบริบทของข้อมูล', 0.75)","('เพื่อให้โมเดลสามารถจำแนกข้อมูลที่สำคัญ', 0.25)","('เพื่อให้โมเดลสามารถทำงานได้เร็วขึ้น', 0)"
กลไกการสนใจในทรานส์ฟอร์เมอร์และความสำคัญของมันในโครงสร้าง GPT คืออะไร?,"('เพื่อให้โมเดลสามารถจำแนกข้อมูลที่สำคัญ', 0.5)","('เพื่อให้โมเดลสามารถเข้าใจบริบทของข้อมูล', 0.75)","('เพื่อให้โมเดลสามารถทำงานได้เร็วขึ้น', 0.25)","('เพื่อให้โมเดลสามารถทำงานแทนมนุษย์', 0)"
GPT จัดการกับคำหรือโทเค็นที่ไม่มีอยู่ในฐานข้อมูลอย่างไร และเทคนิคใดที่สามารถนำมาใช้เพื่อปรับปรุงประสิทธิภาพในสถานการณ์เหล่านี้?,"('โดยใช้เทคนิคการฝึกฝนที่ซับซ้อน', 0.5)","('โดยใช้ข้อมูลขนาดใหญ่ในการฝึกฝน', 0.25)","('โดยใช้การปรับปรุงผลลัพธ์ด้วยข้อมูลใหม่', 0.75)","('โดยไม่ต้องใช้การฝึกฝน', 0)"
"เปรียบเทียบและต่างกันระหว่างโมเดล GPT-1, GPT-2, และ GPT-3 ในด้านโครงสร้าง, ข้อมูลการฝึกฝน, และความสามารถ","('GPT-1 มีขนาดเล็กสุดและมีความสามารถน้อยที่สุด', 0.5)","('GPT-2 มีขนาดใหญ่กว่า GPT-1 แต่ยังมีข้อจำกัด', 0.25)","('GPT-3 มีขนาดใหญ่ที่สุดและมีความสามารถมากที่สุด', 0.75)","('ทั้งหมดมีขนาดและความสามารถเท่ากัน', 0)"
อภิปรายถึงความเสี่ยงและข้อพิจารณาเชิงจริยธรรมที่เกี่ยวข้องกับการนำ GPT ไปใช้งานในแอปพลิเคชันจริง,"('ความเสี่ยงในการละเมิดความเป็นส่วนตัวของผู้ใช้', 0.5)","('ความเสี่ยงในการสร้างเนื้อหาที่ไม่เหมาะสม', 0.25)","('ความเสี่ยงในการสร้างความเข้าใจผิด', 0.75)","('ไม่มีความเสี่ยงใดๆ', 0)"
บรรยายสถานการณ์ที่ GPT สามารถนำไปใช้สร้างเนื้อหาที่สร้างสรรค์ และอธิบายขั้นตอนที่จำเป็นในการปรับปรุงโมเดลสำหรับงานนี้,"('การใช้ GPT ในการสร้างบทความ', 0.5)","('การใช้ GPT ในการสร้างเพลง', 0.25)","('การใช้ GPT ในการสร้างภาพ', 0.75)","('การใช้ GPT ในการทำงานแทนมนุษย์', 0)"
การเรียนรู้แบบเสริมแรงสามารถผสมผสานกับ GPT อย่างไร เพื่อปรับปรุงการตอบสนองของเเชทบอทตามความคิดเห็นของผู้ใช้?,"('โดยใช้ข้อมูลความคิดเห็นของผู้ใช้ในการฝึกฝน', 0.5)","('โดยใช้เทคนิคการฝึกฝนที่ซับซ้อน', 0.25)","('โดยใช้การปรับปรุงผลลัพธ์ด้วยข้อมูลใหม่', 0.75)","('โดยไม่ต้องใช้การฝึกฝน', 0)"
เมตริกการประเมินผลทั่วไปที่ใช้ในการประเมินประสิทธิภาพของ GPT คืออะไร และมันเกี่ยวข้องกับคุณภาพของข้อความที่สร้างขึ้นอย่างไร?,"('เปอร์เซ็นต์ของคำตอบที่ถูกต้อง', 0.5)","('คะแนนความคล้ายคลึงของข้อความ', 0.25)","('คะแนนความสามารถในการตอบคำถาม', 0.75)","('ไม่มีเมตริกการประเมินผล', 0)"
การสร้างเเชทบอท GPT มีเป้าหมายหลักอย่างไร และแตกต่างจากเเชทบอทประเภทอื่นอย่างไร?,"('เพื่อสร้างความสัมพันธ์กับผู้ใช้', 0.25)","('เพื่อให้คำตอบที่ถูกต้อง', 0.5)","('เพื่อสร้างประสบการณ์ที่ดีกับผู้ใช้', 0.25)","('เพื่อสร้างรายได้', 0)"
โมเดล GPT ใช้วิธีการ pre-training และ fine-tuning อย่างไรในการสร้างข้อความที่เหมือนมนุษย์?,"('โดยใช้ข้อมูลขนาดใหญ่', 0.5)","('โดยใช้เทคนิคการเรียนรู้ของเครือข่าย', 0.25)","('โดยใช้การฝึกฝนแบบไม่มีผู้สอน', 0.25)","('โดยใช้การฝึกฝนแบบมีผู้สอน', 0)"
บทบาทของการจำลองภาษาที่ปกปิดในกระบวนการ pre-training ของ GPT คืออะไร และมันช่วยให้โมเดลเข้าใจบริบทอย่างไร?,"('เพื่อสร้างความสามารถในการทำนายคำ', 0.5)","('เพื่อสร้างความสามารถในการเข้าใจบริบท', 0.25)","('เพื่อสร้างความสามารถในการสร้างข้อความ', 0.25)","('เพื่อสร้างความสามารถในการจำแนกประเภท', 0)"
กลไกการให้ความสนใจในทรานส์ฟอร์เมอร์มีความสำคัญอย่างไรในโครงสร้าง GPT?,"('ช่วยให้โมเดลสามารถเข้าใจบริบทได้ดีขึ้น', 0.5)","('ช่วยให้โมเดลสามารถสร้างข้อความที่ถูกต้องได้', 0.25)","('ช่วยให้โมเดลสามารถจำแนกประเภทได้ดีขึ้น', 0.25)","('ไม่มีความสำคัญ', 0)"
GPT จัดการกับคำหรือโทเค็นที่ไม่อยู่ในคลังข้อมูลอย่างไร และเทคนิคใดที่สามารถนำมาใช้เพื่อปรับปรุงประสิทธิภาพในสถานการณ์เหล่านี้?,"('โดยใช้เทคนิคการเรียนรู้ของเครือข่าย', 0.5)","('โดยใช้การฝึกฝนแบบไม่มีผู้สอน', 0.25)","('โดยใช้การฝึกฝนแบบมีผู้สอน', 0.25)","('ไม่สามารถจัดการได้', 0)"
"เปรียบเทียบและต่างระหว่างโมเดล GPT-1, GPT-2, และ GPT-3 ในด้านโครงสร้าง, ข้อมูลการฝึกฝน, และความสามารถ","('GPT-1 มีขนาดเล็กสุด', 0.25)","('GPT-2 มีข้อมูลการฝึกฝนมากที่สุด', 0.25)","('GPT-3 มีความสามารถในการสร้างข้อความที่ดีที่สุด', 0.5)","('ทั้งหมดมีความสามารถเท่ากัน', 0)"
อภิปรายความเสี่ยงและข้อพิจารณาเชิงจริยธรรมที่เกี่ยวข้องกับการนำ GPT ไปใช้ในแอปพลิเคชันจริง,"('ความเสี่ยงในการสร้างข้อมูลที่ไม่ถูกต้อง', 0.5)","('ความเสี่ยงในการละเมิดความเป็นส่วนตัวของผู้ใช้', 0.25)","('ความเสี่ยงในการสร้างความสับสน', 0.25)","('ไม่มีความเสี่ยง', 0)"
บรรยายสถานการณ์ที่ GPT สามารถใช้ในการสร้างเนื้อหาที่สร้างสรรค์ และอธิบายขั้นตอนที่จำเป็นในการปรับปรุงโมเดลสำหรับงานนี้,"('การสร้างบทความ', 0.5)","('การสร้างเพลง', 0.25)","('การสร้างภาพ', 0.25)","('ไม่สามารถสร้างเนื้อหาที่สร้างสรรค์ได้', 0)"
การเรียนรู้แบบเสริมแรงสามารถผสมผสานกับ GPT อย่างไรเพื่อปรับปรุงการตอบสนองของเเชทบอทตามความคิดเห็นของผู้ใช้?,"('โดยใช้เทคนิคการเรียนรู้ของเครือข่าย', 0.5)","('โดยใช้การฝึกฝนแบบไม่มีผู้สอน', 0.25)","('โดยใช้การฝึกฝนแบบมีผู้สอน', 0.25)","('ไม่สามารถผสมผสานได้', 0)"
เมตริกการประเมินผลทั่วไปใดที่ใช้ในการประเมินประสิทธิภาพของ GPT และมันเกี่ยวข้องกับคุณภาพของข้อความที่สร้างขึ้นอย่างไร?,"('ความถูกต้อง', 0.5)","('ความเหมาะสม', 0.25)","('ความกระชับ', 0.25)","('ไม่มีเมตริกการประเมินผล', 0)"
การสร้างเเชทGPT มีเป้าหมายหลักคืออะไร และแตกต่างจากเเชทบอทประเภทอื่นอย่างไร?,"('เพื่อสร้างการสนทนาที่มีความเป็นธรรมชาติ', 0.75)","('เพื่อสร้างระบบตอบคำถาม', 0.25)","('เพื่อพัฒนาภาษาที่สามารถเข้าใจได้ดีขึ้น', 0.5)","('เพื่อสร้างระบบส่งข้อความอัตโนมัติ', 0)"
โมเดล GPT ใช้วิธีการ pre-training และ fine-tuning อย่างไรในการสร้างข้อความที่เหมือนมนุษย์?,"('โดยใช้เทคนิค masking ในข้อมูล', 0.5)","('โดยใช้ข้อมูลขนาดใหญ่ในการฝึก', 0.75)","('โดยใช้เทคนิค reinforcement learning', 0.25)","('โดยไม่ใช้เทคนิคใดๆ', 0)"
บทบาทของการสร้างแบบจำลองภาษาที่ซ่อนอยู่ในกระบวนการ pre-training ของ GPT คืออะไร และมันช่วยให้โมเดลเข้าใจบริบทอย่างไร?,"('ช่วยให้โมเดลสามารถเรียนรู้คำศัพท์และการใช้ภาษา', 0.75)","('ช่วยให้โมเดลสามารถสร้างข้อความที่มีความเป็นธรรมชาติ', 0.5)","('ช่วยให้โมเดลสามารถเข้าใจบริบทของข้อมูล', 0.25)","('ไม่มีผลต่อการทำงานของโมเดล', 0)"
ความสำคัญของกลไกการให้ความสนใจ (attention) ในโครงสร้าง transformer และความสำคัญในโครงสร้าง GPT คืออะไร?,"('ช่วยให้โมเดลสามารถจัดระเบียบข้อมูล', 0.5)","('ช่วยให้โมเดลสามารถเข้าใจบริบทของข้อมูล', 0.75)","('ช่วยให้โมเดลสามารถสร้างข้อความที่มีความเป็นธรรมชาติ', 0.25)","('ไม่มีความสำคัญในโครงสร้าง GPT', 0)"
GPT จัดการกับคำหรือสัญลักษณ์ที่ไม่อยู่ในฐานข้อมูลอย่างไร และเทคนิคใดที่สามารถนำมาใช้เพื่อปรับปรุงประสิทธิภาพในสถานการณ์เหล่านี้?,"('โดยใช้เทคนิค subwording', 0.75)","('โดยใช้เทคนิค masking', 0.5)","('โดยใช้เทคนิค reinforcement learning', 0.25)","('ไม่สามารถจัดการได้', 0)"
"เปรียบเทียบและแยกความแตกต่างระหว่างโมเดล GPT-1, GPT-2, และ GPT-3 ในด้านโครงสร้าง, ข้อมูลการฝึก, และความสามารถ","('GPT-1 ใช้ข้อมูลขนาดเล็ก, GPT-2 ใช้ข้อมูลขนาดใหญ่, GPT-3 ใช้ข้อมูลขนาดใหญ่ที่สุด', 0.75)","('GPT-1 ไม่สามารถสร้างข้อความที่มีความเป็นธรรมชาติ, GPT-2 และ GPT-3 สามารถทำได้', 0.5)","('GPT-1 ใช้เทคนิค masking, GPT-2 และ GPT-3 ใช้เทคนิค reinforcement learning', 0.25)","('ไม่มีความแตกต่าง', 0)"
การพิจารณาความเสี่ยงและจริยธรรมที่เกี่ยวข้องกับการนำ GPT ไปใช้ในแอปพลิเคชันจริงคืออะไร?,"('การสร้างเนื้อหาที่ไม่เหมาะสม', 0.75)","('การละเมิดความเป็นส่วนตัวของผู้ใช้', 0.5)","('การสร้างความสับสนในผู้ใช้', 0.25)","('ไม่มีความเสี่ยงใดๆ', 0)"
บรรยายสถานการณ์ที่ GPT สามารถนำไปใช้สร้างเนื้อหาที่สร้างสรรค์ และอธิบายขั้นตอนที่จำเป็นในการปรับปรุงโมเดลสำหรับงานนี้,"('การสร้างบทความ, การสร้างเพลง, การสร้างภาพ', 0.75)","('การฝึกโมเดลด้วยข้อมูลที่เฉพาะเจาะจง', 0.5)","('การปรับปรุงโมเดลด้วยเทคนิค reinforcement learning', 0.25)","('ไม่สามารถนำไปใช้สร้างเนื้อหาที่สร้างสรรค์', 0)"
การรวมการเรียนรู้แบบเสริมแรง (reinforcement learning) กับ GPT เพื่อปรับปรุงการตอบสนองของเเชทบอทตามความคิดเห็นของผู้ใช้สามารถทำได้อย่างไร?,"('โดยใช้เทคนิค reward function', 0.75)","('โดยใช้เทคนิค policy gradient', 0.5)","('โดยใช้เทคนิค value-based methods', 0.25)","('ไม่สามารถทำได้', 0)"
เมตริกการประเมินที่พบบ่อยในการวัดประสิทธิภาพของ GPT คืออะไร และมันเกี่ยวข้องกับคุณภาพของข้อความที่สร้างขึ้นอย่างไร?,"('BLEU score, ROUGE score, METEOR score', 0.75)","('ความถูกต้อง, ความครอบคลุม, ความสอดคล้อง', 0.5)","('ความยาวของข้อความ, จำนวนคำที่ใช้', 0.25)","('ไม่มีเมทริกการประเมิน', 0)"
การสร้างเเชทGPT มีเป้าหมายหลักอย่างไร และแตกต่างจากเเชทบอตประเภทอื่นอย่างไร?,"('เพื่อสร้างการสนทนาที่มีความเป็นธรรมชาติ', 0.75)","('เพื่อสร้างคำถามและตอบกลับโดยอัตโนมัติ', 0.25)","('เพื่อสร้างโมเดลภาษาที่สามารถเข้าใจและสร้างข้อความได้เหมือนมนุษย์', 0.5)","('เพื่อสร้างระบบ AI ที่สามารถคิดเองได้', 0)"
GPT ใช้วิธีการ pre-training และ fine-tuning อย่างไรในการสร้างข้อความที่มีลักษณะเหมือนมนุษย์?,"('ใช้การฝึกอบรมโมเดลด้วยข้อมูลขนาดใหญ่', 0.5)","('ใช้การปรับปรุงโมเดลให้เหมาะสมกับงานเฉพาะ', 0.25)","('ใช้ทั้งการฝึกอบรมโมเดลด้วยข้อมูลขนาดใหญ่และการปรับปรุงโมเดลให้เหมาะสมกับงานเฉพาะ', 0.75)","('ไม่ใช้ทั้งสองวิธีดังกล่าว', 0)"
บทบาทของการจำลองภาษาที่ถูกปิดบังในกระบวนการ pre-training ของ GPT คืออะไร และมันช่วยให้โมเดลเข้าใจบริบทได้อย่างไร?,"('เพื่อสร้างความสามารถในการทำนายคำที่หายไป', 0.5)","('เพื่อสร้างความสามารถในการเข้าใจบริบท', 0.75)","('เพื่อสร้างความสามารถในการจำแนกประเภทข้อความ', 0.25)","('ไม่มีบทบาทใดๆ', 0)"
กลไกการให้ความสำคัญ (attention mechanisms) ในโครงสร้าง transformer ของ GPT มีความสำคัญอย่างไร?,"('ช่วยให้โมเดลสามารถให้ความสำคัญกับส่วนต่างๆ ของข้อความ', 0.75)","('ช่วยให้โมเดลสามารถจำแนกประเภทข้อความ', 0.25)","('ช่วยให้โมเดลสามารถสร้างคำถามและตอบกลับโดยอัตโนมัติ', 0.5)","('ไม่มีความสำคัญใดๆ', 0)"
GPT จัดการกับคำหรือสัญลักษณ์ที่ไม่มีอยู่ในฐานข้อมูลอย่างไร และเทคนิคใดๆ สามารถนำมาใช้เพื่อปรับปรุงประสิทธิภาพในสถานการณ์ดังกล่าว?,"('ใช้เทคนิคการสร้างคำใหม่', 0.5)","('ใช้เทคนิคการปรับปรุงโมเดล', 0.25)","('ใช้ทั้งเทคนิคการสร้างคำใหม่และการปรับปรุงโมเดล', 0.75)","('ไม่สามารถจัดการได้', 0)"
"เปรียบเทียบและสรุปความแตกต่างของ GPT-1, GPT-2 และ GPT-3 ในด้านโครงสร้าง, ข้อมูลในการฝึกอบรม, และความสามารถ","('GPT-1 มีขนาดโมเดลเล็กสุดและมีความสามารถในการสร้างข้อความที่จำกัด', 0.25)","('GPT-2 มีขนาดโมเดลใหญ่ขึ้นและมีความสามารถในการสร้างข้อความที่ดีขึ้น', 0.5)","('GPT-3 มีขนาดโมเดลใหญ่ที่สุดและมีความสามารถในการสร้างข้อความที่ดีที่สุด', 0.75)","('ทั้งสามโมเดลไม่มีความแตกต่าง', 0)"
พูดถึงความเสี่ยงและข้อพิจารณาทางจริยธรรมที่เกี่ยวข้องกับการนำ GPT ไปใช้งานในแอปพลิเคชันจริง,"('ความเสี่ยงจากการสร้างข้อความที่ไม่เหมาะสม', 0.5)","('ความเสี่ยงจากการละเมิดความเป็นส่วนตัวของผู้ใช้', 0.25)","('ความเสี่ยงจากการสร้างความเข้าใจผิดเกี่ยวกับข้อมูล', 0.75)","('ไม่มีความเสี่ยงใดๆ', 0)"
บรรยายสถานการณ์ที่ GPT สามารถนำไปใช้สร้างเนื้อหาที่สร้างสรรค์และระบุขั้นตอนที่จำเป็นในการปรับปรุงโมเดลสำหรับงานนี้,"('สถานการณ์ที่ต้องการสร้างเนื้อหาที่สร้างสรรค์', 0.5)","('ขั้นตอนในการปรับปรุงโมเดลคือการฝึกอบรมด้วยข้อมูลที่เฉพาะเจาะจง', 0.25)","('ทั้งสองข้อ', 0.75)","('ไม่มีสถานการณ์หรือขั้นตอนใดๆ', 0)"
การเรียนรู้แบบเสริมแรง (reinforcement learning) สามารถผสานกับ GPT ได้อย่างไรเพื่อปรับปรุงการตอบสนองของเเชทบอตบนพื้นฐานของการตอบสนองจากผู้ใช้?,"('ผ่านการปรับปรุงโมเดลด้วยข้อมูลการตอบสนองจากผู้ใช้', 0.5)","('ผ่านการสร้างฟังก์ชันคะแนนความสำเร็จ', 0.25)","('ทั้งสองวิธีดังกล่าว', 0.75)","('ไม่สามารถผสานได้', 0)"
เมตริกการประเมินผลที่ใช้กับ GPT มีอะไรบ้าง และมันเกี่ยวข้องกับคุณภาพของข้อความที่สร้างขึ้นอย่างไร?,"('เมตริกการประเมินผล เช่น BLEU score และ ROUGE score', 0.5)","('เมตริกการประเมินผลเหล่านี้สามารถใช้ประเมินคุณภาพของข้อความที่สร้างขึ้น', 0.25)","('ทั้งสองข้อ', 0.75)","('ไม่มีเมตริกการประเมินผลใดๆ', 0)"
การสร้างแชทบ็อต GPT มีเป้าหมายหลักคืออะไร และมันต่างจากแชทบ็อตประเภทอื่นอย่างไร?,"('เพื่อสร้างการสนทนาที่เหมือนมนุษย์', 0.75)","('เพื่อประมวลผลข้อมูลทางสถิติ', 0)","('เพื่อส่งเสริมการเรียนรู้ของ AI', 0.25)","('เพื่อพัฒนาการเขียนโปรแกรมคอมพิวเตอร์', 0)"
โมเดล GPT ใช้การฝึกซ้อมก่อนและการปรับแต่งละเอียดอย่างไร เพื่อสร้างการตอบสนองที่เหมือนมนุษย์?,"('โดยใช้เทคนิคการเรียนรู้แบบไม่กำกับ', 0.5)","('โดยใช้เทคนิคการเรียนรู้แบบมีกำกับ', 0)","('โดยใช้เทคนิคการฝึกซ้อมก่อนและการปรับแต่งละเอียด', 0.75)","('โดยใช้เทคนิคการฝึกซ้อมหลังจากการปรับแต่งละเอียด', 0)"
บทบาทของการจำลองภาษาที่ปกปิดในกระบวนการฝึกซ้อมก่อนของ GPT คืออะไร และมันช่วยให้โมเดลเข้าใจบริบทอย่างไร?,"('เพื่อสร้างคำถามและคำตอบ', 0)","('เพื่อสร้างความเข้าใจในการสื่อสาร', 0.25)","('เพื่อสร้างความสามารถในการทำนายคำที่หายไป', 0.75)","('เพื่อสร้างความสามารถในการแปลภาษา', 0)"
กลไกการสนใจในทรานส์ฟอร์เมอร์และความสำคัญของมันในโครงสร้าง GPT คืออะไร?,"('เพื่อสร้างความสามารถในการจำแนกคำ', 0)","('เพื่อสร้างความสามารถในการจำแนกประโยค', 0)","('เพื่อสร้างความสามารถในการตัดสินใจในการสื่อสาร', 0.75)","('เพื่อสร้างความสามารถในการจำแนกภาพ', 0)"
GPT จัดการกับคำหรือโทเค็นที่ไม่มีอยู่ในฐานข้อมูลอย่างไร และเทคนิคใดที่สามารถนำมาใช้เพื่อปรับปรุงประสิทธิภาพในสถานการณ์เหล่านี้?,"('โดยการใช้เทคนิคการเรียนรู้แบบไม่กำกับ', 0.5)","('โดยการใช้เทคนิคการแยกคำ', 0.25)","('โดยการใช้เทคนิคการแปลงคำ', 0.75)","('โดยการใช้เทคนิคการสร้างคำใหม่', 0)"
"เปรียบเทียบและต่างกันระหว่างโมเดล GPT-1, GPT-2 และ GPT-3 ในด้านโครงสร้าง, ข้อมูลการฝึกซ้อม และความสามารถ","('GPT-1 มีขนาดเล็กสุดและ GPT-3 มีขนาดใหญ่ที่สุด', 0.25)","('GPT-2 มีความสามารถในการสร้างข้อความที่ยาวที่สุด', 0)","('GPT-3 มีความสามารถในการสร้างข้อความที่เหมือนมนุษย์ที่สุด', 0.75)","('GPT-1 ไม่สามารถสร้างข้อความที่ยาวได้', 0)"
อภิปรายถึงความเสี่ยงและข้อพิจารณาเชิงจริยธรรมที่เกี่ยวข้องกับการนำ GPT ไปใช้ในแอปพลิเคชันจริง,"('ความเสี่ยงในการละเมิดความเป็นส่วนตัวของผู้ใช้', 0.5)","('ความเสี่ยงในการสร้างข้อความที่ไม่เหมาะสม', 0.25)","('ความเสี่ยงในการสร้างความเข้าใจผิดของผู้ใช้', 0.75)","('ความเสี่ยงในการสร้างความเสียหายทางเศรษฐกิจ', 0)"
บรรยายสถานการณ์ที่ GPT สามารถใช้สร้างเนื้อหาที่สร้างสรรค์ และอธิบายขั้นตอนที่จำเป็นในการปรับแต่งโมเดลสำหรับงานนี้,"('การสร้างเรื่องราวแฟนตาซี', 0.25)","('การสร้างบทความข่าว', 0)","('การสร้างคำแนะนำการใช้งาน', 0.75)","('การสร้างแผนการตลาด', 0)"
การเรียนรู้แบบเสริมแรงสามารถผสมผสานกับ GPT อย่างไร เพื่อปรับปรุงการตอบสนองของแชทบ็อตตามข้อมูลยืนยันของผู้ใช้?,"('โดยการใช้เทคนิคการเรียนรู้แบบไม่กำกับ', 0.5)","('โดยการใช้เทคนิคการเรียนรู้แบบมีกำกับ', 0)","('โดยการใช้เทคนิคการเรียนรู้แบบเสริมแรง', 0.75)","('โดยการใช้เทคนิคการเรียนรู้แบบผสมผสาน', 0)"
เมตริกประเมินผลทั่วไปที่ใช้ในการประเมินประสิทธิภาพของ GPT คืออะไร และมันเกี่ยวข้องกับคุณภาพของข้อความที่สร้างขึ้นอย่างไร?,"('เปอร์เซ็นต์ของคำที่ถูกต้อง', 0.25)","('ความยาวของข้อความที่สร้างขึ้น', 0)","('คะแนน BLEU หรือ ROUGE', 0.75)","('จำนวนคำที่ไม่เหมาะสม', 0)"
การสร้างเเชทบอท GPT มีเป้าหมายหลักอย่างไร และแตกต่างจากเเชทบอทประเภทอื่นอย่างไร?,"('เพื่อให้บริการลูกค้า', 0.25)","('เพื่อสร้างความเข้าใจในภาษาธรรมชาติ', 0.75)","('เพื่อสร้างรายได้', 0)","('เพื่อสร้างความสุข', 0)"
โมเดล GPT ใช้วิธีการ pre-training และ fine-tuning อย่างไรในการสร้างข้อความตอบสนองที่เหมือนมนุษย์?,"('ผ่านการเรียนรู้แบบ unsupervised learning', 0.5)","('โดยใช้ข้อมูลขนาดใหญ่ในการฝึกฝน', 0.25)","('ผ่านการปรับปรุงโมเดลด้วยข้อมูลเฉพาะ', 0.25)","('ไม่ใช้วิธีการใดๆ', 0)"
การทำ masked language modeling ในกระบวนการ pre-training ของ GPT มีบทบาทอย่างไร และช่วยให้โมเดลเข้าใจบริบทได้อย่างไร?,"('ช่วยให้โมเดลสามารถทำนายคำที่หายไป', 0.75)","('ช่วยให้โมเดลสามารถเข้าใจบริบทของข้อความ', 0.25)","('ไม่มีผลต่อการทำงานของโมเดล', 0)","('ช่วยให้โมเดลสามารถสร้างข้อความใหม่', 0)"
กลไก attention mechanism ใน transformer มีความสำคัญอย่างไรในโครงสร้างของ GPT?,"('ช่วยให้โมเดลสามารถโฟกัสไปยังส่วนสำคัญของข้อความ', 0.75)","('ช่วยให้โมเดลสามารถเข้าใจความสัมพันธ์ระหว่างคำ', 0.25)","('ไม่มีผลต่อการทำงานของโมเดล', 0)","('ช่วยให้โมเดลสามารถสร้างข้อความใหม่', 0)"
GPT จัดการกับคำหรือ token ที่ไม่มีอยู่ในฐานข้อมูลอย่างไร และเทคนิคใดที่สามารถนำมาใช้เพื่อปรับปรุงประสิทธิภาพในสถานการณ์เหล่านี้?,"('โดยการใช้เทคนิค subwording', 0.5)","('โดยการใช้เทคนิค masking', 0.25)","('โดยการใช้เทคนิค fine-tuning', 0.25)","('ไม่สามารถจัดการได้', 0)"
"เปรียบเทียบและต่างกันระหว่างโมเดล GPT-1, GPT-2 และ GPT-3 ในด้านโครงสร้าง, ข้อมูลการฝึกฝน, และความสามารถ?","('GPT-3 มีขนาดใหญ่ที่สุดและมีความสามารถมากที่สุด', 0.5)","('GPT-1 มีขนาดเล็กที่สุดและมีความสามารถน้อยที่สุด', 0.25)","('GPT-2 มีข้อมูลการฝึกฝนที่ใหญ่ที่สุด', 0.25)","('ทั้งหมดมีความสามารถเท่ากัน', 0)"
การนำ GPT ไปใช้งานจริงมีความเสี่ยงและพิจารณาเชิงจริยธรรมอย่างไร?,"('อาจทำให้เกิดการสร้างข้อมูลที่ไม่ถูกต้อง', 0.5)","('อาจทำให้เกิดการละเมิดความเป็นส่วนตัว', 0.25)","('อาจทำให้เกิดการสร้างข้อมูลที่มีความรุนแรง', 0.25)","('ไม่มีความเสี่ยงใดๆ', 0)"
อธิบายสถานการณ์ที่ GPT สามารถใช้สร้างเนื้อหาที่สร้างสรรค์ และขั้นตอนที่จำเป็นในการปรับปรุงโมเดลสำหรับงานนี้?,"('การใช้ GPT สร้างบทความหรือเรื่องราว', 0.5)","('การใช้เทคนิค fine-tuning เพื่อปรับปรุงโมเดล', 0.25)","('การใช้ข้อมูลที่เฉพาะเจาะจงในการฝึกฝน', 0.25)","('ไม่สามารถใช้ GPT สร้างเนื้อหาที่สร้างสรรค์', 0)"
การเรียนรู้แบบเสริมแรง (Reinforcement Learning) สามารถผสมผสานกับ GPT อย่างไรเพื่อปรับปรุงการตอบสนองของเเชทบอทตามความคิดเห็นของผู้ใช้?,"('โดยการใช้ข้อมูลความคิดเห็นของผู้ใช้ในการปรับปรุงโมเดล', 0.75)","('โดยการใช้เทคนิค reward function', 0.25)","('ไม่สามารถผสมผสานได้', 0)","('โดยการใช้เทคนิค supervised learning', 0)"
เมตริกการประเมินผลทั่วไปที่ใช้ในการประเมินประสิทธิภาพของเเชทบอท GPT คืออะไร และมันเกี่ยวข้องกับคุณภาพของข้อความที่สร้างขึ้นอย่างไร?,"('Perplexity score', 0.5)","('BLEU score', 0.25)","('ROUGE score', 0.25)","('ไม่มีเมตริกใดๆ', 0)"
เป้าหมายหลักของการพัฒนาแชทบ็อต GPT คืออะไร และมันแตกต่างจากแชทบ็อตประเภทอื่นอย่างไร?,"('การสร้างความสัมพันธ์กับผู้ใช้', 0.5)","('การให้คำปรึกษาหรือข้อมูล', 0.5)","('การสนทนาเพื่อสร้างความเพลิดเพลิน', 0.25)","('การทดสอบความรู้ของผู้ใช้', 0)"
โมเดล GPT ใช้การฝึกฝนก่อนและปรับแต่งอย่างไรในการสร้างข้อความตอบสนองเหมือนมนุษย์?,"('การใช้ข้อมูลขนาดใหญ่', 0.5)","('การฝึกฝนด้วยเทคนิค fine-tuning', 0.5)","('การใช้เทคนิค pre-training', 0.25)","('การฝึกฝนด้วยข้อมูลขนาดเล็ก', 0)"
บทบาทของการจำลองภาษาที่ปิดบังในกระบวนการฝึกฝนก่อนของ GPT คืออะไร และมันช่วยให้โมเดลเข้าใจบริบทได้อย่างไร?,"('การเรียนรู้คำที่ไม่เคยเห็นมาก่อน', 0.5)","('การเรียนรู้ความสัมพันธ์ระหว่างคำ', 0.5)","('การเรียนรู้ความหมายของคำ', 0.25)","('การเรียนรู้ประโยคที่ซับซ้อน', 0)"
กลไกการให้ความสนใจในทรานส์ฟอร์เมอร์และความสำคัญของมันในโครงสร้าง GPT คืออะไร?,"('การเลือกคำที่เกี่ยวข้อง', 0.5)","('การปรับแต่งความสัมพันธ์ระหว่างคำ', 0.5)","('การคำนวณความสำคัญของคำ', 0.25)","('การสร้างประโยคใหม่', 0)"
GPT จัดการกับคำหรือโทเค็นที่ไม่มีในพจนานุกรมอย่างไร และสามารถใช้เทคนิคใด ๆ เพื่อปรับปรุงประสิทธิภาพในสถานการณ์ดังกล่าว?,"('การใช้เทคนิค subwording', 0.5)","('การใช้เทคนิค masking', 0.5)","('การใช้เทคนิค tokenization', 0.25)","('การใช้เทคนิค translation', 0)"
"เปรียบเทียบและต่างระหว่างโมเดล GPT-1, GPT-2, และ GPT-3 ในด้านโครงสร้าง, ข้อมูลการฝึกฝน, และความสามารถ","('ความสามารถในการสร้างข้อความ', 0.5)","('ขนาดของข้อมูลการฝึกฝน', 0.5)","('ความซับซ้อนของโครงสร้าง', 0.25)","('ความสามารถในการเรียนรู้', 0)"
อภิปรายถึงความเสี่ยงและข้อพิจารณาเชิงจริยธรรมที่เกี่ยวข้องกับการนำ GPT ไปใช้ในแอปพลิเคชันจริง,"('ความเป็นส่วนตัวของผู้ใช้', 0.5)","('ความถูกต้องของข้อมูล', 0.5)","('ความเหมาะสมของการใช้งาน', 0.25)","('ความสามารถในการควบคุม', 0)"
บรรยายสถานการณ์ที่แชทบ็อต GPT สามารถใช้สร้างเนื้อหาที่สร้างสรรค์ได้ และอธิบายขั้นตอนที่จำเป็นต่อการปรับแต่งโมเดลสำหรับงานนี้,"('การใช้เทคนิค fine-tuning', 0.5)","('การใช้ข้อมูลที่เฉพาะเจาะจง', 0.5)","('การใช้เทคนิค reinforcement learning', 0.25)","('การใช้เทคนิค machine learning', 0)"
การเรียนรู้แบบเสริมสามารถผสานกับ GPT อย่างไรเพื่อปรับแต่งการตอบสนองของแชทบ็อตตามข้อมูลยืนยันของผู้ใช้?,"('การใช้เทคนิค reward function', 0.5)","('การใช้เทคนิค policy gradient', 0.5)","('การใช้เทคนิค value-based method', 0.25)","('การใช้เทคนิค imitation learning', 0)"
เมตริกการประเมินที่ใช้ในการประเมินประสิทธิภาพของแชทบ็อต GPT มีอะไรบ้าง และมันเกี่ยวข้องกับคุณภาพของข้อความที่สร้างขึ้นอย่างไร?,"('คะแนน BLEU', 0.5)","('คะแนน ROUGE', 0.5)","('คะแนน METEOR', 0.25)","('คะแนน accuracy', 0)"
เป้าหมายหลักของการพัฒนาแชทบอต GPT คืออะไร และมันแตกต่างจากแชทบอตประเภทอื่นอย่างไร?,"('เพื่อให้บริการลูกค้า', 0.25)","('เพื่อสร้างประสบการณ์การสนทนาที่เหมือนมนุษย์', 0.75)","('เพื่อทำการตลาดออนไลน์', 0)","('เพื่อจัดการข้อมูลขนาดใหญ่', 0)"
โมเดล GPT ใช้การฝึกฝนก่อนและปรับแต่งอย่างไร เพื่อสร้างการตอบสนองที่เหมือนมนุษย์?,"('โดยใช้เทคนิคการเรียนรู้แบบลึก', 0.5)","('โดยใช้ข้อมูลขนาดใหญ่ในการฝึกฝน', 0.25)","('โดยใช้การฝึกฝนก่อนและการปรับแต่ง', 0.75)","('โดยใช้การฝึกฝนแบบออนไลน์', 0)"
บทบาทของการจำลองภาษาที่ปกปิดในกระบวนการฝึกฝนก่อนของ GPT คืออะไร และมันช่วยให้โมเดลเข้าใจบริบทอย่างไร?,"('เพื่อสร้างความสามารถในการเข้าใจบริบท', 0.75)","('เพื่อสร้างความสามารถในการตอบคำถาม', 0.25)","('เพื่อสร้างความสามารถในการสร้างข้อความ', 0)","('เพื่อสร้างความสามารถในการจำแนกประเภทข้อความ', 0)"
กลไกการให้ความสำคัญในทรานส์ฟอร์เมอร์มีความสำคัญอย่างไรในโครงสร้าง GPT?,"('ช่วยให้โมเดลสามารถให้ความสำคัญกับส่วนของข้อความที่เกี่ยวข้อง', 0.75)","('ช่วยให้โมเดลสามารถจำแนกประเภทข้อความ', 0)","('ช่วยให้โมเดลสามารถสร้างข้อความใหม่', 0.25)","('ช่วยให้โมเดลสามารถตอบคำถาม', 0)"
GPT จัดการกับคำหรือโทเค็นที่ไม่มีอยู่ในคลังข้อมูลอย่างไร และเทคนิคใดที่สามารถนำมาใช้เพื่อปรับปรุงประสิทธิภาพในสถานการณ์เหล่านี้?,"('โดยใช้เทคนิคการสร้างคำใหม่', 0.5)","('โดยใช้เทคนิคการแปลงข้อมูล', 0.25)","('โดยใช้เทคนิคการเรียนรู้แบบไม่กำกับ', 0)","('โดยใช้เทคนิคการปรับแต่งโมเดล', 0.75)"
"เปรียบเทียบและต่างกันระหว่างโมเดล GPT-1, GPT-2 และ GPT-3 ในด้านโครงสร้าง, ข้อมูลฝึกฝน, และความสามารถ?","('GPT-1 ใช้ข้อมูลฝึกฝนน้อยที่สุด', 0.25)","('GPT-3 มีความสามารถในการสร้างข้อความที่ยาวที่สุด', 0.75)","('GPT-2 ใช้โครงสร้างทรานส์ฟอร์เมอร์ที่ซับซ้อน', 0.5)","('ทั้งหมดมีความสามารถในการตอบคำถาม', 0)"
อธิบายถึงความเสี่ยงและข้อพิจารณาเชิงจริยธรรมที่เกี่ยวข้องกับการนำ GPT ไปใช้งานในแอพพลิเคชันจริง?,"('ความเสี่ยงในการละเมิดความเป็นส่วนตัวของผู้ใช้', 0.5)","('ความเสี่ยงในการสร้างข้อความที่ไม่เหมาะสม', 0.25)","('ความเสี่ยงในการสร้างความสับสนในการสื่อสาร', 0.75)","('ความเสี่ยงในการสร้างความขัดแย้งในสังคม', 0)"
อธิบายสถานการณ์ที่ GPT สามารถใช้สร้างเนื้อหาที่สร้างสรรค์ และอธิบายขั้นตอนในการปรับแต่งโมเดลสำหรับงานนี้?,"('สถานการณ์ที่ต้องการสร้างเนื้อหาที่สร้างสรรค์', 0.75)","('สถานการณ์ที่ต้องการสร้างคำถาม', 0)","('สถานการณ์ที่ต้องการสร้างข้อความที่ยาว', 0.25)","('สถานการณ์ที่ต้องการสร้างคำตอบ', 0)"
การเรียนรู้แบบเสริมแรงสามารถผสมผสานกับ GPT อย่างไร เพื่อปรับปรุงการตอบสนองของแชทบอตตามข้อมูลรับจากผู้ใช้?,"('โดยใช้เทคนิคการปรับแต่งโมเดล', 0.5)","('โดยใช้เทคนิคการเรียนรู้แบบลึก', 0.25)","('โดยใช้เทคนิคการเรียนรู้แบบเสริมแรง', 0.75)","('โดยใช้เทคนิคการจำแนกประเภทข้อความ', 0)"
เมตริกประเมินผลใดที่ใช้ในการประเมินประสิทธิภาพของ GPT และมันเกี่ยวข้องกับคุณภาพของข้อความที่สร้างขึ้นอย่างไร?,"('BLEU Score', 0.5)","('Perplexity', 0.25)","('ROUGE Score', 0.75)","('F1 Score', 0)"
